order_id,order_line_number,customer_id,product_id,order_timestamp,quantity,unit_price,discount_amount,tax_amount
ORD-1001,1,CUST-0077,PROD-0023,2024-05-04 20:36:00,3,114.15,51.37,23.29
ORD-1002,1,CUST-0085,PROD-0001,2025-01-15 09:32:00,1,774.52,116.18,52.67
ORD-1002,2,CUST-0085,PROD-0027,2025-01-15 09:32:00,2,335.03,100.51,45.56
ORD-1002,3,CUST-0085,PROD-0032,2025-01-15 09:32:00,3,677.2,101.58,154.4
ORD-1003,1,CUST-0056,PROD-0040,2024-06-30 19:33:00,2,332.56,99.77,45.23
ORD-1003,2,CUST-0056,PROD-0035,2024-06-30 19:33:00,3,392.23,117.67,84.72
ORD-1003,3,CUST-0056,PROD-0031,2024-06-30 19:33:00,2,1187.64,118.76,180.52
ORD-1004,1,CUST-0012,PROD-0037,2024-10-13 15:15:00,2,1054.11,0.0,168.66
ORD-1004,2,CUST-0012,PROD-0040,2024-10-13 15:15:00,2,332.56,66.51,47.89
ORD-1004,3,CUST-0012,PROD-0043,2024-10-13 15:15:00,1,491.29,73.69,33.41
ORD-1004,4,CUST-0012,PROD-0025,2024-10-13 15:15:00,1,770.11,77.01,55.45
ORD-1005,1,CUST-0034,PROD-0036,2024-12-15 12:56:00,1,268.96,0.0,21.52
ORD-1005,2,CUST-0034,PROD-0001,2024-12-15 12:56:00,1,774.52,116.18,52.67
ORD-1005,3,CUST-0034,PROD-0034,2024-12-15 12:56:00,2,290.28,29.03,44.12
ORD-1006,1,CUST-0089,PROD-0029,2025-05-03 18:45:00,1,221.94,33.29,15.09
ORD-1006,2,CUST-0089,PROD-0002,2025-05-03 18:45:00,3,344.53,51.68,78.55
ORD-1006,3,CUST-0089,PROD-0006,2025-05-03 18:45:00,2,277.99,55.6,40.03
ORD-1006,4,CUST-0089,PROD-0019,2025-05-03 18:45:00,2,998.7,199.74,143.81
ORD-1007,1,CUST-0055,PROD-0018,2025-07-18 13:22:00,1,466.67,23.33,35.47
ORD-1007,2,CUST-0055,PROD-0020,2025-07-18 13:22:00,2,1036.81,0.0,165.89
ORD-1007,3,CUST-0055,PROD-0017,2025-07-18 13:22:00,3,652.75,97.91,148.83
ORD-1007,4,CUST-0055,PROD-0015,2025-07-18 13:22:00,1,1020.04,51.0,77.52
ORD-1008,1,CUST-0095,PROD-0007,2025-05-11 12:46:00,1,51.31,5.13,3.69
ORD-1008,2,CUST-0095,PROD-0013,2025-05-11 12:46:00,1,1149.51,114.95,82.76
ORD-1008,3,CUST-0095,PROD-0019,2025-05-11 12:46:00,1,998.7,49.94,75.9
ORD-1009,1,CUST-0036,PROD-0045,2024-02-17 08:35:00,2,127.27,0.0,20.36
ORD-1009,2,CUST-0036,PROD-0009,2024-02-17 08:35:00,1,280.12,28.01,20.17
ORD-1009,3,CUST-0036,PROD-0041,2024-02-17 08:35:00,2,682.41,204.72,92.81
ORD-1010,1,CUST-0057,PROD-0031,2024-12-15 10:03:00,2,1187.64,356.29,161.52
ORD-1010,2,CUST-0057,PROD-0008,2024-12-15 10:03:00,1,786.86,0.0,62.95
ORD-1010,3,CUST-0057,PROD-0005,2024-12-15 10:03:00,1,517.87,25.89,39.36
ORD-1011,1,CUST-0073,PROD-0036,2024-11-08 09:15:00,2,268.96,26.9,40.88
ORD-1012,1,CUST-0100,PROD-0020,2025-06-20 14:28:00,3,1036.81,0.0,248.83
ORD-1012,2,CUST-0100,PROD-0038,2025-06-20 14:28:00,3,793.42,0.0,190.42
ORD-1012,3,CUST-0100,PROD-0028,2025-06-20 14:28:00,1,784.68,39.23,59.64
ORD-1012,4,CUST-0100,PROD-0037,2025-06-20 14:28:00,2,1054.11,0.0,168.66
ORD-1013,1,CUST-0021,PROD-0011,2024-09-03 10:35:00,1,970.87,145.63,66.02
ORD-1014,1,CUST-0058,PROD-0003,2025-12-07 17:30:00,3,889.04,266.71,192.03
ORD-1014,2,CUST-0058,PROD-0015,2025-12-07 17:30:00,3,1020.04,459.02,208.09
ORD-1014,3,CUST-0058,PROD-0019,2025-12-07 17:30:00,1,998.7,49.94,75.9
ORD-1015,1,CUST-0034,PROD-0028,2025-10-03 17:42:00,3,784.68,117.7,178.91
ORD-1015,2,CUST-0034,PROD-0008,2025-10-03 17:42:00,3,786.86,118.03,179.4
ORD-1016,1,CUST-0035,PROD-0020,2024-05-26 09:03:00,3,1036.81,311.04,223.95
ORD-1016,2,CUST-0035,PROD-0039,2024-05-26 09:03:00,2,1099.17,0.0,175.87
ORD-1017,1,CUST-0060,PROD-0018,2025-12-07 12:44:00,2,466.67,0.0,74.67
ORD-1017,2,CUST-0060,PROD-0033,2025-12-07 12:44:00,3,1014.57,0.0,243.5
ORD-1017,3,CUST-0060,PROD-0035,2025-12-07 12:44:00,2,392.23,78.45,56.48
ORD-1017,4,CUST-0060,PROD-0032,2025-12-07 12:44:00,3,677.2,203.16,146.28
ORD-1018,1,CUST-0004,PROD-0044,2024-04-04 11:43:00,2,1197.09,0.0,191.53
ORD-1019,1,CUST-0098,PROD-0018,2024-06-29 15:33:00,3,466.67,210.0,95.2
ORD-1019,2,CUST-0098,PROD-0012,2024-06-29 15:33:00,1,421.5,63.22,28.66
ORD-1019,3,CUST-0098,PROD-0038,2024-06-29 15:33:00,2,793.42,238.03,107.9
ORD-1019,4,CUST-0098,PROD-0028,2024-06-29 15:33:00,2,784.68,156.94,112.99
ORD-1020,1,CUST-0086,PROD-0045,2024-04-18 10:21:00,2,127.27,0.0,20.36
ORD-1020,2,CUST-0086,PROD-0032,2024-04-18 10:21:00,2,677.2,0.0,108.35
ORD-1020,3,CUST-0086,PROD-0019,2024-04-18 10:21:00,2,998.7,199.74,143.81
ORD-1020,4,CUST-0086,PROD-0043,2024-04-18 10:21:00,2,491.29,0.0,78.61
ORD-1021,1,CUST-0099,PROD-0043,2025-02-18 16:52:00,3,491.29,221.08,100.22
ORD-1022,1,CUST-0053,PROD-0040,2024-02-26 11:33:00,2,332.56,0.0,53.21
ORD-1022,2,CUST-0053,PROD-0032,2024-02-26 11:33:00,1,677.2,67.72,48.76
ORD-1022,3,CUST-0053,PROD-0041,2024-02-26 11:33:00,3,682.41,102.36,155.59
ORD-1023,1,CUST-0037,PROD-0002,2025-03-25 19:31:00,3,344.53,51.68,78.55
ORD-1024,1,CUST-0091,PROD-0036,2024-06-12 12:35:00,2,268.96,0.0,43.03
ORD-1025,1,CUST-0029,PROD-0032,2024-04-27 15:07:00,2,677.2,135.44,97.52
ORD-1025,2,CUST-0029,PROD-0046,2024-04-27 15:07:00,2,149.39,44.82,20.32
ORD-1026,1,CUST-0061,PROD-0025,2024-09-07 15:35:00,3,770.11,115.52,175.58
ORD-1026,2,CUST-0061,PROD-0013,2024-09-07 15:35:00,1,1149.51,114.95,82.76
ORD-1027,1,CUST-0099,PROD-0001,2025-03-01 13:59:00,2,774.52,232.36,105.33
ORD-1027,2,CUST-0099,PROD-0019,2025-03-01 13:59:00,1,998.7,149.81,67.91
ORD-1027,3,CUST-0099,PROD-0047,2025-03-01 13:59:00,3,954.65,429.59,194.75
ORD-1028,1,CUST-0045,PROD-0030,2024-12-07 16:48:00,1,212.81,31.92,14.47
ORD-1028,2,CUST-0045,PROD-0021,2024-12-07 16:48:00,1,851.39,127.71,57.89
ORD-1028,3,CUST-0045,PROD-0013,2024-12-07 16:48:00,1,1149.51,114.95,82.76
ORD-1028,4,CUST-0045,PROD-0045,2024-12-07 16:48:00,3,127.27,57.27,25.96
ORD-1029,1,CUST-0091,PROD-0032,2025-01-26 14:42:00,1,677.2,67.72,48.76
ORD-1029,2,CUST-0091,PROD-0003,2025-01-26 14:42:00,1,889.04,133.36,60.45
ORD-1030,1,CUST-0013,PROD-0027,2025-06-23 15:00:00,1,335.03,0.0,26.8
ORD-1030,2,CUST-0013,PROD-0042,2025-06-23 15:00:00,2,709.81,141.96,102.21
ORD-1031,1,CUST-0044,PROD-0022,2025-10-01 19:25:00,3,288.92,130.01,58.94
ORD-1032,1,CUST-0041,PROD-0035,2025-10-04 19:56:00,1,392.23,39.22,28.24
ORD-1032,2,CUST-0041,PROD-0003,2025-10-04 19:56:00,1,889.04,0.0,71.12
ORD-1032,3,CUST-0041,PROD-0040,2025-10-04 19:56:00,2,332.56,0.0,53.21
ORD-1032,4,CUST-0041,PROD-0005,2025-10-04 19:56:00,3,517.87,0.0,124.29
ORD-1033,1,CUST-0057,PROD-0003,2024-06-20 19:19:00,2,889.04,0.0,142.25
ORD-1034,1,CUST-0038,PROD-0016,2025-01-03 13:27:00,2,972.41,97.24,147.81
ORD-1034,2,CUST-0038,PROD-0034,2025-01-03 13:27:00,1,290.28,14.51,22.06
ORD-1035,1,CUST-0011,PROD-0032,2025-09-17 14:39:00,1,677.2,33.86,51.47
ORD-1035,2,CUST-0011,PROD-0038,2025-09-17 14:39:00,2,793.42,158.68,114.25
ORD-1036,1,CUST-0059,PROD-0019,2024-09-19 18:00:00,1,998.7,149.81,67.91
ORD-1036,2,CUST-0059,PROD-0044,2024-09-19 18:00:00,2,1197.09,239.42,172.38
ORD-1036,3,CUST-0059,PROD-0035,2024-09-19 18:00:00,3,392.23,176.5,80.02
ORD-1036,4,CUST-0059,PROD-0011,2024-09-19 18:00:00,3,970.87,291.26,209.71
ORD-1037,1,CUST-0059,PROD-0007,2024-11-06 11:24:00,2,51.31,10.26,7.39
ORD-1037,2,CUST-0059,PROD-0016,2024-11-06 11:24:00,3,972.41,291.72,210.04
ORD-1037,3,CUST-0059,PROD-0025,2024-11-06 11:24:00,1,770.11,115.52,52.37
ORD-1037,4,CUST-0059,PROD-0037,2024-11-06 11:24:00,2,1054.11,0.0,168.66
ORD-1038,1,CUST-0073,PROD-0039,2025-12-04 20:47:00,3,1099.17,494.63,224.23
ORD-1039,1,CUST-0037,PROD-0015,2024-08-24 17:51:00,3,1020.04,306.01,220.33
ORD-1039,2,CUST-0037,PROD-0041,2024-08-24 17:51:00,3,682.41,102.36,155.59
ORD-1039,3,CUST-0037,PROD-0013,2024-08-24 17:51:00,3,1149.51,0.0,275.88
ORD-1040,1,CUST-0081,PROD-0003,2025-10-24 08:19:00,1,889.04,0.0,71.12
ORD-1040,2,CUST-0081,PROD-0038,2025-10-24 08:19:00,2,793.42,158.68,114.25
ORD-1040,3,CUST-0081,PROD-0024,2025-10-24 08:19:00,3,139.18,62.63,28.39
ORD-1040,4,CUST-0081,PROD-0047,2025-10-24 08:19:00,1,954.65,47.73,72.55
ORD-1041,1,CUST-0017,PROD-0011,2025-07-07 13:33:00,2,970.87,194.17,139.81
ORD-1041,2,CUST-0017,PROD-0017,2025-07-07 13:33:00,1,652.75,97.91,44.39
ORD-1041,3,CUST-0017,PROD-0031,2025-07-07 13:33:00,1,1187.64,59.38,90.26
ORD-1042,1,CUST-0097,PROD-0036,2024-08-20 18:46:00,1,268.96,26.9,19.36
ORD-1042,2,CUST-0097,PROD-0024,2024-08-20 18:46:00,3,139.18,0.0,33.4
ORD-1042,3,CUST-0097,PROD-0006,2024-08-20 18:46:00,2,277.99,55.6,40.03
ORD-1042,4,CUST-0097,PROD-0026,2024-08-20 18:46:00,3,456.81,137.04,98.67
ORD-1043,1,CUST-0075,PROD-0044,2025-01-26 18:23:00,1,1197.09,179.56,81.4
ORD-1044,1,CUST-0004,PROD-0042,2025-09-27 16:20:00,3,709.81,319.41,144.8
ORD-1044,2,CUST-0004,PROD-0005,2025-09-27 16:20:00,3,517.87,155.36,111.86
ORD-1045,1,CUST-0084,PROD-0003,2025-02-23 09:08:00,2,889.04,266.71,120.91
ORD-1046,1,CUST-0015,PROD-0025,2024-04-10 11:56:00,2,770.11,231.03,104.74
ORD-1046,2,CUST-0015,PROD-0030,2024-04-10 11:56:00,3,212.81,31.92,48.52
ORD-1047,1,CUST-0054,PROD-0040,2025-11-02 09:53:00,3,332.56,99.77,71.83
ORD-1047,2,CUST-0054,PROD-0027,2025-11-02 09:53:00,1,335.03,50.25,22.78
ORD-1047,3,CUST-0054,PROD-0018,2025-11-02 09:53:00,2,466.67,46.67,70.93
ORD-1047,4,CUST-0054,PROD-0003,2025-11-02 09:53:00,2,889.04,0.0,142.25
ORD-1048,1,CUST-0088,PROD-0004,2025-01-12 16:57:00,1,1072.77,0.0,85.82
ORD-1048,2,CUST-0088,PROD-0026,2025-01-12 16:57:00,2,456.81,0.0,73.09
ORD-1048,3,CUST-0088,PROD-0018,2025-01-12 16:57:00,3,466.67,70.0,106.4
ORD-1049,1,CUST-0083,PROD-0022,2025-10-17 17:01:00,1,288.92,14.45,21.96
ORD-1050,1,CUST-0073,PROD-0038,2024-07-30 09:53:00,1,793.42,79.34,57.13
ORD-1050,2,CUST-0073,PROD-0014,2024-07-30 09:53:00,1,129.44,0.0,10.36
ORD-1051,1,CUST-0036,PROD-0012,2024-05-29 10:34:00,1,421.5,21.08,32.03
ORD-1051,2,CUST-0036,PROD-0008,2024-05-29 10:34:00,1,786.86,78.69,56.65
ORD-1051,3,CUST-0036,PROD-0043,2024-05-29 10:34:00,1,491.29,49.13,35.37
ORD-1052,1,CUST-0003,PROD-0048,2024-06-28 12:03:00,3,94.96,0.0,22.79
ORD-1052,2,CUST-0003,PROD-0027,2024-06-28 12:03:00,3,335.03,0.0,80.41
ORD-1053,1,CUST-0061,PROD-0029,2025-04-05 20:23:00,3,221.94,33.29,50.6
ORD-1054,1,CUST-0079,PROD-0030,2024-02-15 19:50:00,1,212.81,31.92,14.47
ORD-1054,2,CUST-0079,PROD-0042,2024-02-15 19:50:00,2,709.81,212.94,96.53
ORD-1054,3,CUST-0079,PROD-0002,2024-02-15 19:50:00,3,344.53,0.0,82.69
ORD-1055,1,CUST-0063,PROD-0021,2025-12-31 15:04:00,3,851.39,127.71,194.12
ORD-1056,1,CUST-0009,PROD-0025,2024-05-10 12:39:00,2,770.11,231.03,104.74
ORD-1056,2,CUST-0009,PROD-0039,2024-05-10 12:39:00,3,1099.17,494.63,224.23
ORD-1056,3,CUST-0009,PROD-0034,2024-05-10 12:39:00,1,290.28,0.0,23.22
ORD-1057,1,CUST-0084,PROD-0028,2025-10-29 20:35:00,1,784.68,117.7,53.36
ORD-1057,2,CUST-0084,PROD-0029,2025-10-29 20:35:00,2,221.94,66.58,30.18
ORD-1058,1,CUST-0052,PROD-0028,2025-03-02 19:06:00,2,784.68,156.94,112.99
ORD-1058,2,CUST-0052,PROD-0021,2025-03-02 19:06:00,1,851.39,127.71,57.89
ORD-1058,3,CUST-0052,PROD-0043,2025-03-02 19:06:00,1,491.29,0.0,39.3
ORD-1059,1,CUST-0011,PROD-0009,2024-04-06 14:06:00,3,280.12,84.04,60.51
ORD-1059,2,CUST-0011,PROD-0036,2024-04-06 14:06:00,3,268.96,0.0,64.55
ORD-1059,3,CUST-0011,PROD-0004,2024-04-06 14:06:00,2,1072.77,214.55,154.48
ORD-1060,1,CUST-0086,PROD-0039,2025-03-10 19:03:00,1,1099.17,54.96,83.54
ORD-1060,2,CUST-0086,PROD-0020,2025-03-10 19:03:00,1,1036.81,155.52,70.5
ORD-1060,3,CUST-0086,PROD-0023,2025-03-10 19:03:00,1,114.15,0.0,9.13
ORD-1061,1,CUST-0045,PROD-0037,2025-07-24 13:07:00,3,1054.11,0.0,252.99
ORD-1061,2,CUST-0045,PROD-0015,2025-07-24 13:07:00,3,1020.04,306.01,220.33
ORD-1061,3,CUST-0045,PROD-0028,2025-07-24 13:07:00,1,784.68,39.23,59.64
ORD-1062,1,CUST-0035,PROD-0023,2025-12-21 20:19:00,1,114.15,17.12,7.76
ORD-1062,2,CUST-0035,PROD-0001,2025-12-21 20:19:00,1,774.52,38.73,58.86
ORD-1062,3,CUST-0035,PROD-0012,2025-12-21 20:19:00,3,421.5,0.0,101.16
ORD-1063,1,CUST-0012,PROD-0030,2025-06-28 11:24:00,2,212.81,42.56,30.64
ORD-1063,2,CUST-0012,PROD-0022,2025-06-28 11:24:00,3,288.92,0.0,69.34
ORD-1063,3,CUST-0012,PROD-0011,2025-06-28 11:24:00,1,970.87,48.54,73.79
ORD-1063,4,CUST-0012,PROD-0024,2025-06-28 11:24:00,1,139.18,0.0,11.13
ORD-1064,1,CUST-0087,PROD-0032,2024-03-25 12:28:00,2,677.2,67.72,102.93
ORD-1064,2,CUST-0087,PROD-0039,2024-03-25 12:28:00,3,1099.17,0.0,263.8
ORD-1064,3,CUST-0087,PROD-0029,2024-03-25 12:28:00,2,221.94,66.58,30.18
ORD-1064,4,CUST-0087,PROD-0027,2024-03-25 12:28:00,1,335.03,33.5,24.12
ORD-1065,1,CUST-0087,PROD-0003,2025-11-26 17:31:00,3,889.04,0.0,213.37
ORD-1065,2,CUST-0087,PROD-0015,2025-11-26 17:31:00,1,1020.04,51.0,77.52
ORD-1065,3,CUST-0087,PROD-0026,2025-11-26 17:31:00,2,456.81,45.68,69.44
ORD-1066,1,CUST-0099,PROD-0021,2024-05-21 20:16:00,2,851.39,255.42,115.79
ORD-1066,2,CUST-0099,PROD-0008,2024-05-21 20:16:00,1,786.86,39.34,59.8
ORD-1066,3,CUST-0099,PROD-0001,2024-05-21 20:16:00,2,774.52,77.45,117.73
ORD-1067,1,CUST-0065,PROD-0005,2025-07-27 18:51:00,1,517.87,77.68,35.22
ORD-1067,2,CUST-0065,PROD-0026,2025-07-27 18:51:00,1,456.81,68.52,31.06
ORD-1067,3,CUST-0065,PROD-0048,2025-07-27 18:51:00,1,94.96,9.5,6.84
ORD-1068,1,CUST-0074,PROD-0019,2025-03-16 17:25:00,2,998.7,99.87,151.8
ORD-1068,2,CUST-0074,PROD-0008,2025-03-16 17:25:00,3,786.86,354.09,160.52
ORD-1068,3,CUST-0074,PROD-0026,2025-03-16 17:25:00,3,456.81,137.04,98.67
ORD-1068,4,CUST-0074,PROD-0002,2025-03-16 17:25:00,1,344.53,51.68,23.43
ORD-1069,1,CUST-0014,PROD-0034,2024-09-07 14:37:00,3,290.28,87.08,62.7
ORD-1069,2,CUST-0014,PROD-0006,2024-09-07 14:37:00,1,277.99,27.8,20.02
ORD-1069,3,CUST-0014,PROD-0026,2024-09-07 14:37:00,1,456.81,0.0,36.54
ORD-1069,4,CUST-0014,PROD-0020,2024-09-07 14:37:00,3,1036.81,0.0,248.83
ORD-1070,1,CUST-0068,PROD-0023,2025-06-07 11:57:00,1,114.15,5.71,8.68
ORD-1070,2,CUST-0068,PROD-0047,2025-06-07 11:57:00,1,954.65,47.73,72.55
ORD-1070,3,CUST-0068,PROD-0042,2025-06-07 11:57:00,2,709.81,70.98,107.89
ORD-1071,1,CUST-0023,PROD-0012,2025-09-09 10:48:00,3,421.5,189.67,85.99
ORD-1072,1,CUST-0060,PROD-0044,2025-08-01 20:37:00,3,1197.09,359.13,258.57
ORD-1072,2,CUST-0060,PROD-0037,2025-08-01 20:37:00,3,1054.11,316.23,227.69
ORD-1072,3,CUST-0060,PROD-0042,2025-08-01 20:37:00,1,709.81,106.47,48.27
ORD-1072,4,CUST-0060,PROD-0041,2025-08-01 20:37:00,1,682.41,102.36,46.4
ORD-1073,1,CUST-0057,PROD-0038,2025-10-09 12:50:00,3,793.42,0.0,190.42
ORD-1073,2,CUST-0057,PROD-0004,2025-10-09 12:50:00,2,1072.77,321.83,145.9
ORD-1073,3,CUST-0057,PROD-0023,2025-10-09 12:50:00,2,114.15,0.0,18.26
ORD-1074,1,CUST-0008,PROD-0040,2025-01-13 12:04:00,3,332.56,149.65,67.84
ORD-1075,1,CUST-0060,PROD-0029,2025-08-18 16:50:00,3,221.94,33.29,50.6
ORD-1076,1,CUST-0042,PROD-0004,2025-09-12 15:32:00,1,1072.77,107.28,77.24
ORD-1076,2,CUST-0042,PROD-0029,2025-09-12 15:32:00,3,221.94,0.0,53.27
ORD-1077,1,CUST-0065,PROD-0046,2025-10-24 10:02:00,2,149.39,14.94,22.71
ORD-1077,2,CUST-0065,PROD-0029,2025-10-24 10:02:00,2,221.94,44.39,31.96
ORD-1078,1,CUST-0037,PROD-0044,2025-02-01 14:49:00,3,1197.09,359.13,258.57
ORD-1078,2,CUST-0037,PROD-0039,2025-02-01 14:49:00,1,1099.17,109.92,79.14
ORD-1078,3,CUST-0037,PROD-0004,2025-02-01 14:49:00,1,1072.77,160.92,72.95
ORD-1079,1,CUST-0037,PROD-0022,2024-09-16 19:54:00,3,288.92,43.34,65.87
ORD-1079,2,CUST-0037,PROD-0006,2024-09-16 19:54:00,2,277.99,55.6,40.03
ORD-1080,1,CUST-0084,PROD-0039,2025-12-17 18:25:00,1,1099.17,109.92,79.14
ORD-1080,2,CUST-0084,PROD-0046,2025-12-17 18:25:00,3,149.39,67.23,30.48
ORD-1081,1,CUST-0083,PROD-0042,2024-12-03 10:42:00,3,709.81,319.41,144.8
ORD-1082,1,CUST-0066,PROD-0012,2025-01-06 08:23:00,2,421.5,42.15,64.07
ORD-1082,2,CUST-0066,PROD-0014,2025-01-06 08:23:00,1,129.44,6.47,9.84
ORD-1082,3,CUST-0066,PROD-0022,2025-01-06 08:23:00,1,288.92,0.0,23.11
ORD-1083,1,CUST-0038,PROD-0043,2024-04-14 16:49:00,2,491.29,49.13,74.68
ORD-1084,1,CUST-0077,PROD-0045,2025-01-21 10:10:00,1,127.27,19.09,8.65
ORD-1084,2,CUST-0077,PROD-0040,2025-01-21 10:10:00,1,332.56,49.88,22.61
ORD-1085,1,CUST-0047,PROD-0040,2025-11-24 19:15:00,1,332.56,16.63,25.27
ORD-1085,2,CUST-0047,PROD-0019,2025-11-24 19:15:00,2,998.7,299.61,135.82
ORD-1085,3,CUST-0047,PROD-0048,2025-11-24 19:15:00,1,94.96,9.5,6.84
ORD-1085,4,CUST-0047,PROD-0029,2025-11-24 19:15:00,3,221.94,99.87,45.28
ORD-1086,1,CUST-0060,PROD-0011,2024-10-16 20:24:00,2,970.87,0.0,155.34
ORD-1086,2,CUST-0060,PROD-0013,2024-10-16 20:24:00,3,1149.51,517.28,234.5
ORD-1086,3,CUST-0060,PROD-0039,2024-10-16 20:24:00,2,1099.17,0.0,175.87
ORD-1086,4,CUST-0060,PROD-0009,2024-10-16 20:24:00,3,280.12,0.0,67.23
ORD-1087,1,CUST-0037,PROD-0029,2024-03-27 20:10:00,2,221.94,0.0,35.51
ORD-1087,2,CUST-0037,PROD-0033,2024-03-27 20:10:00,1,1014.57,152.19,68.99
ORD-1087,3,CUST-0037,PROD-0010,2024-03-27 20:10:00,2,975.13,0.0,156.02
ORD-1088,1,CUST-0054,PROD-0016,2024-02-25 14:32:00,2,972.41,97.24,147.81
ORD-1088,2,CUST-0054,PROD-0025,2024-02-25 14:32:00,1,770.11,77.01,55.45
ORD-1088,3,CUST-0054,PROD-0006,2024-02-25 14:32:00,1,277.99,27.8,20.02
ORD-1089,1,CUST-0019,PROD-0045,2024-05-21 08:18:00,2,127.27,0.0,20.36
ORD-1089,2,CUST-0019,PROD-0009,2024-05-21 08:18:00,1,280.12,0.0,22.41
ORD-1089,3,CUST-0019,PROD-0046,2024-05-21 08:18:00,2,149.39,14.94,22.71
ORD-1089,4,CUST-0019,PROD-0031,2024-05-21 08:18:00,1,1187.64,178.15,80.76
ORD-1090,1,CUST-0015,PROD-0004,2024-10-23 11:19:00,1,1072.77,160.92,72.95
ORD-1091,1,CUST-0082,PROD-0032,2025-09-30 15:04:00,3,677.2,0.0,162.53
ORD-1092,1,CUST-0081,PROD-0019,2025-06-12 17:15:00,1,998.7,99.87,71.91
ORD-1092,2,CUST-0081,PROD-0028,2025-06-12 17:15:00,1,784.68,117.7,53.36
ORD-1093,1,CUST-0024,PROD-0005,2025-11-12 18:05:00,3,517.87,0.0,124.29
ORD-1093,2,CUST-0024,PROD-0034,2025-11-12 18:05:00,2,290.28,87.08,39.48
ORD-1093,3,CUST-0024,PROD-0035,2025-11-12 18:05:00,1,392.23,58.83,26.67
ORD-1094,1,CUST-0048,PROD-0005,2024-09-17 19:01:00,3,517.87,0.0,124.29
ORD-1094,2,CUST-0048,PROD-0023,2024-09-17 19:01:00,3,114.15,34.25,24.66
ORD-1094,3,CUST-0048,PROD-0016,2024-09-17 19:01:00,1,972.41,0.0,77.79
ORD-1095,1,CUST-0046,PROD-0044,2025-07-14 13:52:00,3,1197.09,538.69,244.21
ORD-1095,2,CUST-0046,PROD-0030,2025-07-14 13:52:00,3,212.81,31.92,48.52
ORD-1096,1,CUST-0018,PROD-0003,2024-03-06 19:49:00,2,889.04,266.71,120.91
ORD-1096,2,CUST-0018,PROD-0019,2024-03-06 19:49:00,3,998.7,449.42,203.73
ORD-1096,3,CUST-0018,PROD-0013,2024-03-06 19:49:00,2,1149.51,0.0,183.92
ORD-1096,4,CUST-0018,PROD-0021,2024-03-06 19:49:00,3,851.39,127.71,194.12
ORD-1097,1,CUST-0037,PROD-0018,2025-01-01 20:03:00,2,466.67,140.0,63.47
ORD-1097,2,CUST-0037,PROD-0008,2025-01-01 20:03:00,3,786.86,354.09,160.52
ORD-1097,3,CUST-0037,PROD-0024,2025-01-01 20:03:00,2,139.18,27.84,20.04
ORD-1098,1,CUST-0024,PROD-0034,2025-05-24 19:31:00,3,290.28,130.63,59.22
ORD-1098,2,CUST-0024,PROD-0018,2025-05-24 19:31:00,1,466.67,70.0,31.73
ORD-1098,3,CUST-0024,PROD-0006,2025-05-24 19:31:00,3,277.99,41.7,63.38
ORD-1099,1,CUST-0070,PROD-0021,2024-10-28 13:06:00,3,851.39,255.42,183.9
ORD-1100,1,CUST-0040,PROD-0011,2025-04-02 17:45:00,2,970.87,0.0,155.34
ORD-1100,2,CUST-0040,PROD-0045,2025-04-02 17:45:00,3,127.27,38.18,27.49
ORD-1100,3,CUST-0040,PROD-0029,2025-04-02 17:45:00,3,221.94,99.87,45.28
ORD-1100,4,CUST-0040,PROD-0023,2025-04-02 17:45:00,2,114.15,0.0,18.26
ORD-1101,1,CUST-0010,PROD-0033,2025-11-19 18:25:00,1,1014.57,0.0,81.17
ORD-1101,2,CUST-0010,PROD-0048,2025-11-19 18:25:00,1,94.96,14.24,6.46
ORD-1101,3,CUST-0010,PROD-0044,2025-11-19 18:25:00,1,1197.09,59.85,90.98
ORD-1102,1,CUST-0009,PROD-0024,2024-08-30 20:41:00,1,139.18,6.96,10.58
ORD-1102,2,CUST-0009,PROD-0025,2024-08-30 20:41:00,3,770.11,346.55,157.1
ORD-1102,3,CUST-0009,PROD-0037,2024-08-30 20:41:00,2,1054.11,210.82,151.79
ORD-1103,1,CUST-0057,PROD-0026,2024-03-20 17:08:00,2,456.81,45.68,69.44
ORD-1103,2,CUST-0057,PROD-0021,2024-03-20 17:08:00,1,851.39,0.0,68.11
ORD-1103,3,CUST-0057,PROD-0042,2024-03-20 17:08:00,3,709.81,106.47,161.84
ORD-1104,1,CUST-0064,PROD-0017,2025-06-15 14:58:00,2,652.75,195.82,88.77
ORD-1105,1,CUST-0028,PROD-0013,2025-09-19 12:44:00,2,1149.51,114.95,174.73
ORD-1105,2,CUST-0028,PROD-0008,2025-09-19 12:44:00,3,786.86,354.09,160.52
ORD-1105,3,CUST-0028,PROD-0009,2025-09-19 12:44:00,1,280.12,28.01,20.17
ORD-1105,4,CUST-0028,PROD-0005,2025-09-19 12:44:00,3,517.87,155.36,111.86
ORD-1106,1,CUST-0091,PROD-0020,2024-03-08 16:34:00,3,1036.81,155.52,236.39
ORD-1106,2,CUST-0091,PROD-0011,2024-03-08 16:34:00,2,970.87,97.09,147.57
ORD-1106,3,CUST-0091,PROD-0046,2024-03-08 16:34:00,1,149.39,7.47,11.35
ORD-1107,1,CUST-0018,PROD-0024,2024-08-31 20:31:00,3,139.18,41.75,30.06
ORD-1108,1,CUST-0060,PROD-0005,2025-07-19 10:39:00,2,517.87,155.36,70.43
ORD-1109,1,CUST-0092,PROD-0037,2025-05-06 16:26:00,3,1054.11,0.0,252.99
ORD-1109,2,CUST-0092,PROD-0005,2025-05-06 16:26:00,2,517.87,155.36,70.43
ORD-1109,3,CUST-0092,PROD-0009,2025-05-06 16:26:00,3,280.12,84.04,60.51
ORD-1109,4,CUST-0092,PROD-0021,2025-05-06 16:26:00,1,851.39,42.57,64.71
ORD-1110,1,CUST-0099,PROD-0008,2024-05-13 14:32:00,3,786.86,118.03,179.4
ORD-1111,1,CUST-0039,PROD-0023,2024-06-18 10:20:00,2,114.15,0.0,18.26
ORD-1111,2,CUST-0039,PROD-0034,2024-06-18 10:20:00,2,290.28,29.03,44.12
ORD-1112,1,CUST-0082,PROD-0040,2025-07-19 12:08:00,3,332.56,49.88,75.82
ORD-1112,2,CUST-0082,PROD-0035,2025-07-19 12:08:00,3,392.23,58.83,89.43
ORD-1112,3,CUST-0082,PROD-0006,2025-07-19 12:08:00,1,277.99,27.8,20.02
ORD-1113,1,CUST-0073,PROD-0042,2024-02-13 08:05:00,3,709.81,212.94,153.32
ORD-1114,1,CUST-0084,PROD-0040,2024-08-04 20:36:00,3,332.56,99.77,71.83
ORD-1114,2,CUST-0084,PROD-0041,2024-08-04 20:36:00,3,682.41,204.72,147.4
ORD-1114,3,CUST-0084,PROD-0002,2024-08-04 20:36:00,2,344.53,34.45,52.37
ORD-1114,4,CUST-0084,PROD-0032,2024-08-04 20:36:00,3,677.2,304.74,138.15
ORD-1115,1,CUST-0039,PROD-0011,2025-04-10 09:44:00,2,970.87,291.26,132.04
ORD-1116,1,CUST-0062,PROD-0021,2025-04-21 11:21:00,2,851.39,170.28,122.6
ORD-1116,2,CUST-0062,PROD-0046,2025-04-21 11:21:00,2,149.39,14.94,22.71
ORD-1117,1,CUST-0098,PROD-0021,2025-01-15 16:35:00,1,851.39,127.71,57.89
ORD-1118,1,CUST-0016,PROD-0007,2024-10-01 15:15:00,2,51.31,15.39,6.98
ORD-1118,2,CUST-0016,PROD-0004,2024-10-01 15:15:00,3,1072.77,482.75,218.84
ORD-1119,1,CUST-0032,PROD-0013,2024-06-13 13:59:00,3,1149.51,517.28,234.5
ORD-1119,2,CUST-0032,PROD-0011,2024-06-13 13:59:00,2,970.87,194.17,139.81
ORD-1119,3,CUST-0032,PROD-0032,2024-06-13 13:59:00,2,677.2,0.0,108.35
ORD-1120,1,CUST-0012,PROD-0014,2025-02-07 16:29:00,2,129.44,0.0,20.71
ORD-1120,2,CUST-0012,PROD-0038,2025-02-07 16:29:00,1,793.42,79.34,57.13
ORD-1121,1,CUST-0064,PROD-0019,2025-09-04 18:43:00,2,998.7,99.87,151.8
ORD-1121,2,CUST-0064,PROD-0035,2025-09-04 18:43:00,2,392.23,78.45,56.48
ORD-1121,3,CUST-0064,PROD-0001,2025-09-04 18:43:00,2,774.52,154.9,111.53
ORD-1121,4,CUST-0064,PROD-0007,2025-09-04 18:43:00,1,51.31,7.7,3.49
ORD-1122,1,CUST-0007,PROD-0036,2025-08-07 16:12:00,2,268.96,80.69,36.58
ORD-1122,2,CUST-0007,PROD-0019,2025-08-07 16:12:00,3,998.7,299.61,215.72
ORD-1122,3,CUST-0007,PROD-0005,2025-08-07 16:12:00,3,517.87,0.0,124.29
ORD-1123,1,CUST-0017,PROD-0036,2024-04-10 14:23:00,1,268.96,40.34,18.29
ORD-1123,2,CUST-0017,PROD-0024,2024-04-10 14:23:00,3,139.18,0.0,33.4
ORD-1123,3,CUST-0017,PROD-0010,2024-04-10 14:23:00,1,975.13,0.0,78.01
ORD-1124,1,CUST-0018,PROD-0010,2024-12-08 20:30:00,2,975.13,195.03,140.42
ORD-1124,2,CUST-0018,PROD-0039,2024-12-08 20:30:00,1,1099.17,164.88,74.74
ORD-1124,3,CUST-0018,PROD-0033,2024-12-08 20:30:00,3,1014.57,304.37,219.15
ORD-1124,4,CUST-0018,PROD-0009,2024-12-08 20:30:00,3,280.12,84.04,60.51
ORD-1125,1,CUST-0065,PROD-0031,2025-06-06 16:31:00,2,1187.64,0.0,190.02
ORD-1125,2,CUST-0065,PROD-0002,2025-06-06 16:31:00,2,344.53,68.91,49.61
ORD-1125,3,CUST-0065,PROD-0024,2025-06-06 16:31:00,3,139.18,0.0,33.4
ORD-1126,1,CUST-0077,PROD-0047,2025-05-01 12:41:00,3,954.65,429.59,194.75
ORD-1126,2,CUST-0077,PROD-0004,2025-05-01 12:41:00,1,1072.77,160.92,72.95
ORD-1127,1,CUST-0019,PROD-0013,2025-11-29 11:02:00,1,1149.51,172.43,78.17
ORD-1128,1,CUST-0041,PROD-0027,2025-03-05 10:26:00,3,335.03,150.76,68.35
ORD-1128,2,CUST-0041,PROD-0033,2025-03-05 10:26:00,3,1014.57,0.0,243.5
ORD-1129,1,CUST-0091,PROD-0043,2024-05-22 16:13:00,2,491.29,98.26,70.75
ORD-1129,2,CUST-0091,PROD-0031,2024-05-22 16:13:00,1,1187.64,178.15,80.76
ORD-1129,3,CUST-0091,PROD-0034,2024-05-22 16:13:00,3,290.28,87.08,62.7
ORD-1130,1,CUST-0070,PROD-0040,2024-12-29 18:49:00,1,332.56,33.26,23.94
ORD-1130,2,CUST-0070,PROD-0031,2024-12-29 18:49:00,3,1187.64,356.29,256.53
ORD-1130,3,CUST-0070,PROD-0013,2024-12-29 18:49:00,1,1149.51,114.95,82.76
ORD-1131,1,CUST-0099,PROD-0021,2024-10-23 19:13:00,3,851.39,255.42,183.9
ORD-1131,2,CUST-0099,PROD-0031,2024-10-23 19:13:00,2,1187.64,0.0,190.02
ORD-1131,3,CUST-0099,PROD-0023,2024-10-23 19:13:00,3,114.15,51.37,23.29
ORD-1131,4,CUST-0099,PROD-0036,2024-10-23 19:13:00,2,268.96,53.79,38.73
ORD-1132,1,CUST-0099,PROD-0046,2024-05-30 12:02:00,2,149.39,29.88,21.51
ORD-1132,2,CUST-0099,PROD-0006,2024-05-30 12:02:00,3,277.99,125.1,56.71
ORD-1132,3,CUST-0099,PROD-0023,2024-05-30 12:02:00,1,114.15,5.71,8.68
ORD-1133,1,CUST-0069,PROD-0009,2024-10-05 16:44:00,3,280.12,42.02,63.87
ORD-1133,2,CUST-0069,PROD-0007,2024-10-05 16:44:00,1,51.31,0.0,4.1
ORD-1133,3,CUST-0069,PROD-0040,2024-10-05 16:44:00,3,332.56,49.88,75.82
ORD-1134,1,CUST-0082,PROD-0022,2024-08-27 08:06:00,3,288.92,43.34,65.87
ORD-1134,2,CUST-0082,PROD-0046,2024-08-27 08:06:00,1,149.39,7.47,11.35
ORD-1134,3,CUST-0082,PROD-0031,2024-08-27 08:06:00,2,1187.64,356.29,161.52
ORD-1134,4,CUST-0082,PROD-0007,2024-08-27 08:06:00,2,51.31,5.13,7.8
ORD-1135,1,CUST-0097,PROD-0006,2024-10-22 13:18:00,3,277.99,41.7,63.38
ORD-1136,1,CUST-0069,PROD-0003,2024-02-09 10:26:00,2,889.04,88.9,135.13
ORD-1136,2,CUST-0069,PROD-0026,2024-02-09 10:26:00,3,456.81,137.04,98.67
ORD-1137,1,CUST-0005,PROD-0022,2024-01-11 12:36:00,2,288.92,86.68,39.29
ORD-1138,1,CUST-0083,PROD-0033,2025-07-11 16:31:00,2,1014.57,101.46,154.21
ORD-1138,2,CUST-0083,PROD-0030,2025-07-11 16:31:00,1,212.81,21.28,15.32
ORD-1139,1,CUST-0021,PROD-0001,2025-04-15 18:16:00,2,774.52,154.9,111.53
ORD-1139,2,CUST-0021,PROD-0048,2025-04-15 18:16:00,3,94.96,14.24,21.65
ORD-1140,1,CUST-0023,PROD-0028,2025-09-18 18:57:00,2,784.68,0.0,125.55
ORD-1140,2,CUST-0023,PROD-0033,2025-09-18 18:57:00,1,1014.57,50.73,77.11
ORD-1140,3,CUST-0023,PROD-0021,2025-09-18 18:57:00,2,851.39,170.28,122.6
ORD-1140,4,CUST-0023,PROD-0006,2025-09-18 18:57:00,1,277.99,0.0,22.24
ORD-1141,1,CUST-0034,PROD-0022,2025-01-28 11:28:00,3,288.92,0.0,69.34
ORD-1141,2,CUST-0034,PROD-0020,2025-01-28 11:28:00,2,1036.81,207.36,149.3
ORD-1141,3,CUST-0034,PROD-0038,2025-01-28 11:28:00,3,793.42,119.01,180.9
ORD-1142,1,CUST-0008,PROD-0011,2025-11-15 09:29:00,3,970.87,291.26,209.71
ORD-1142,2,CUST-0008,PROD-0026,2025-11-15 09:29:00,3,456.81,0.0,109.63
ORD-1142,3,CUST-0008,PROD-0044,2025-11-15 09:29:00,3,1197.09,359.13,258.57
ORD-1143,1,CUST-0048,PROD-0031,2025-09-22 11:14:00,2,1187.64,237.53,171.02
ORD-1143,2,CUST-0048,PROD-0010,2025-09-22 11:14:00,2,975.13,292.54,132.62
ORD-1144,1,CUST-0097,PROD-0016,2025-07-05 20:42:00,3,972.41,0.0,233.38
ORD-1144,2,CUST-0097,PROD-0044,2025-07-05 20:42:00,3,1197.09,538.69,244.21
ORD-1145,1,CUST-0068,PROD-0004,2025-12-22 13:04:00,3,1072.77,160.92,244.59
ORD-1146,1,CUST-0074,PROD-0034,2025-07-04 10:10:00,3,290.28,43.54,66.18
ORD-1146,2,CUST-0074,PROD-0029,2025-07-04 10:10:00,3,221.94,99.87,45.28
ORD-1146,3,CUST-0074,PROD-0008,2025-07-04 10:10:00,1,786.86,118.03,53.51
ORD-1147,1,CUST-0008,PROD-0030,2025-04-10 10:32:00,2,212.81,42.56,30.64
ORD-1147,2,CUST-0008,PROD-0037,2025-04-10 10:32:00,3,1054.11,0.0,252.99
ORD-1147,3,CUST-0008,PROD-0004,2025-04-10 10:32:00,2,1072.77,214.55,154.48
ORD-1147,4,CUST-0008,PROD-0036,2025-04-10 10:32:00,1,268.96,13.45,20.44
ORD-1148,1,CUST-0075,PROD-0045,2024-03-16 08:27:00,1,127.27,0.0,10.18
ORD-1148,2,CUST-0075,PROD-0005,2024-03-16 08:27:00,2,517.87,0.0,82.86
ORD-1148,3,CUST-0075,PROD-0035,2024-03-16 08:27:00,2,392.23,117.67,53.34
ORD-1149,1,CUST-0024,PROD-0024,2024-05-19 20:41:00,3,139.18,20.88,31.73
ORD-1149,2,CUST-0024,PROD-0025,2024-05-19 20:41:00,3,770.11,231.03,166.34
ORD-1149,3,CUST-0024,PROD-0029,2024-05-19 20:41:00,1,221.94,11.1,16.87
ORD-1149,4,CUST-0024,PROD-0006,2024-05-19 20:41:00,3,277.99,125.1,56.71
ORD-1150,1,CUST-0068,PROD-0002,2024-05-11 19:14:00,2,344.53,103.36,46.86
ORD-1151,1,CUST-0087,PROD-0015,2025-07-12 14:34:00,1,1020.04,102.0,73.44
ORD-1151,2,CUST-0087,PROD-0016,2025-07-12 14:34:00,1,972.41,0.0,77.79
ORD-1151,3,CUST-0087,PROD-0030,2025-07-12 14:34:00,1,212.81,31.92,14.47
ORD-1151,4,CUST-0087,PROD-0023,2025-07-12 14:34:00,3,114.15,0.0,27.4
ORD-1152,1,CUST-0031,PROD-0029,2024-07-31 09:06:00,3,221.94,0.0,53.27
ORD-1153,1,CUST-0032,PROD-0035,2024-02-16 14:28:00,1,392.23,19.61,29.81
ORD-1153,2,CUST-0032,PROD-0014,2024-02-16 14:28:00,3,129.44,38.83,27.96
ORD-1154,1,CUST-0030,PROD-0016,2025-08-13 13:36:00,3,972.41,145.86,221.71
ORD-1154,2,CUST-0030,PROD-0020,2025-08-13 13:36:00,2,1036.81,207.36,149.3
ORD-1154,3,CUST-0030,PROD-0010,2025-08-13 13:36:00,2,975.13,0.0,156.02
ORD-1155,1,CUST-0072,PROD-0041,2025-08-29 19:58:00,2,682.41,204.72,92.81
ORD-1155,2,CUST-0072,PROD-0044,2025-08-29 19:58:00,1,1197.09,119.71,86.19
ORD-1156,1,CUST-0083,PROD-0045,2025-11-19 14:50:00,2,127.27,38.18,17.31
ORD-1156,2,CUST-0083,PROD-0027,2025-11-19 14:50:00,1,335.03,50.25,22.78
ORD-1156,3,CUST-0083,PROD-0010,2025-11-19 14:50:00,1,975.13,48.76,74.11
ORD-1157,1,CUST-0039,PROD-0004,2025-12-26 10:51:00,1,1072.77,160.92,72.95
ORD-1157,2,CUST-0039,PROD-0036,2025-12-26 10:51:00,1,268.96,26.9,19.36
ORD-1157,3,CUST-0039,PROD-0027,2025-12-26 10:51:00,1,335.03,33.5,24.12
ORD-1157,4,CUST-0039,PROD-0034,2025-12-26 10:51:00,3,290.28,0.0,69.67
ORD-1158,1,CUST-0058,PROD-0004,2025-01-15 09:34:00,2,1072.77,0.0,171.64
ORD-1158,2,CUST-0058,PROD-0018,2025-01-15 09:34:00,1,466.67,23.33,35.47
ORD-1159,1,CUST-0098,PROD-0031,2025-08-25 19:42:00,2,1187.64,237.53,171.02
ORD-1159,2,CUST-0098,PROD-0014,2025-08-25 19:42:00,1,129.44,6.47,9.84
ORD-1160,1,CUST-0025,PROD-0016,2024-05-01 19:48:00,1,972.41,145.86,66.12
ORD-1160,2,CUST-0025,PROD-0045,2024-05-01 19:48:00,1,127.27,12.73,9.16
ORD-1160,3,CUST-0025,PROD-0039,2024-05-01 19:48:00,2,1099.17,329.75,149.49
ORD-1160,4,CUST-0025,PROD-0046,2024-05-01 19:48:00,2,149.39,29.88,21.51
ORD-1161,1,CUST-0040,PROD-0030,2024-09-25 13:32:00,2,212.81,21.28,32.35
ORD-1161,2,CUST-0040,PROD-0007,2024-09-25 13:32:00,2,51.31,10.26,7.39
ORD-1161,3,CUST-0040,PROD-0047,2024-09-25 13:32:00,2,954.65,0.0,152.74
ORD-1161,4,CUST-0040,PROD-0031,2024-09-25 13:32:00,3,1187.64,178.15,270.78
ORD-1162,1,CUST-0095,PROD-0019,2024-05-30 08:16:00,1,998.7,149.81,67.91
ORD-1162,2,CUST-0095,PROD-0010,2024-05-30 08:16:00,3,975.13,146.27,222.33
ORD-1162,3,CUST-0095,PROD-0013,2024-05-30 08:16:00,2,1149.51,229.9,165.53
ORD-1162,4,CUST-0095,PROD-0022,2024-05-30 08:16:00,2,288.92,86.68,39.29
ORD-1163,1,CUST-0093,PROD-0011,2025-10-20 19:31:00,3,970.87,436.89,198.06
ORD-1163,2,CUST-0093,PROD-0047,2025-10-20 19:31:00,1,954.65,0.0,76.37
ORD-1163,3,CUST-0093,PROD-0023,2025-10-20 19:31:00,3,114.15,0.0,27.4
ORD-1163,4,CUST-0093,PROD-0009,2025-10-20 19:31:00,1,280.12,0.0,22.41
ORD-1164,1,CUST-0098,PROD-0005,2024-01-08 14:08:00,1,517.87,0.0,41.43
ORD-1164,2,CUST-0098,PROD-0046,2024-01-08 14:08:00,1,149.39,22.41,10.16
ORD-1165,1,CUST-0048,PROD-0043,2024-03-03 17:40:00,3,491.29,221.08,100.22
ORD-1165,2,CUST-0048,PROD-0032,2024-03-03 17:40:00,1,677.2,0.0,54.18
ORD-1165,3,CUST-0048,PROD-0002,2024-03-03 17:40:00,3,344.53,103.36,74.42
ORD-1165,4,CUST-0048,PROD-0001,2024-03-03 17:40:00,3,774.52,232.36,167.3
ORD-1166,1,CUST-0003,PROD-0012,2025-05-30 19:43:00,1,421.5,21.08,32.03
ORD-1166,2,CUST-0003,PROD-0007,2025-05-30 19:43:00,3,51.31,15.39,11.08
ORD-1166,3,CUST-0003,PROD-0034,2025-05-30 19:43:00,2,290.28,58.06,41.8
ORD-1166,4,CUST-0003,PROD-0010,2025-05-30 19:43:00,2,975.13,0.0,156.02
ORD-1167,1,CUST-0048,PROD-0045,2025-02-20 15:36:00,2,127.27,0.0,20.36
ORD-1167,2,CUST-0048,PROD-0015,2025-02-20 15:36:00,3,1020.04,0.0,244.81
ORD-1168,1,CUST-0012,PROD-0004,2025-02-20 14:24:00,1,1072.77,0.0,85.82
ORD-1168,2,CUST-0012,PROD-0041,2025-02-20 14:24:00,2,682.41,204.72,92.81
ORD-1168,3,CUST-0012,PROD-0001,2025-02-20 14:24:00,3,774.52,232.36,167.3
ORD-1168,4,CUST-0012,PROD-0045,2025-02-20 14:24:00,3,127.27,0.0,30.54
ORD-1169,1,CUST-0068,PROD-0018,2024-02-14 11:13:00,2,466.67,0.0,74.67
ORD-1169,2,CUST-0068,PROD-0003,2024-02-14 11:13:00,1,889.04,88.9,64.01
ORD-1169,3,CUST-0068,PROD-0005,2024-02-14 11:13:00,1,517.87,25.89,39.36
ORD-1169,4,CUST-0068,PROD-0044,2024-02-14 11:13:00,3,1197.09,179.56,272.94
ORD-1170,1,CUST-0097,PROD-0020,2025-12-31 14:59:00,1,1036.81,51.84,78.8
ORD-1171,1,CUST-0073,PROD-0025,2025-02-03 18:57:00,3,770.11,0.0,184.83
ORD-1171,2,CUST-0073,PROD-0048,2025-02-03 18:57:00,3,94.96,28.49,20.51
ORD-1171,3,CUST-0073,PROD-0009,2025-02-03 18:57:00,1,280.12,0.0,22.41
ORD-1172,1,CUST-0056,PROD-0021,2024-08-26 09:21:00,2,851.39,255.42,115.79
ORD-1172,2,CUST-0056,PROD-0002,2024-08-26 09:21:00,1,344.53,34.45,24.81
ORD-1172,3,CUST-0056,PROD-0041,2024-08-26 09:21:00,3,682.41,307.08,139.21
ORD-1172,4,CUST-0056,PROD-0018,2024-08-26 09:21:00,2,466.67,46.67,70.93
ORD-1173,1,CUST-0088,PROD-0040,2025-08-23 18:24:00,2,332.56,33.26,50.55
ORD-1174,1,CUST-0092,PROD-0025,2024-03-17 09:17:00,3,770.11,115.52,175.58
ORD-1174,2,CUST-0092,PROD-0046,2024-03-17 09:17:00,3,149.39,67.23,30.48
ORD-1175,1,CUST-0041,PROD-0020,2025-01-05 09:05:00,2,1036.81,207.36,149.3
ORD-1176,1,CUST-0098,PROD-0012,2024-10-04 09:08:00,2,421.5,126.45,57.32
ORD-1177,1,CUST-0072,PROD-0002,2025-07-23 16:26:00,1,344.53,34.45,24.81
ORD-1178,1,CUST-0071,PROD-0025,2024-04-06 17:38:00,2,770.11,231.03,104.74
ORD-1178,2,CUST-0071,PROD-0001,2024-04-06 17:38:00,1,774.52,38.73,58.86
ORD-1178,3,CUST-0071,PROD-0019,2024-04-06 17:38:00,3,998.7,149.81,227.7
ORD-1179,1,CUST-0088,PROD-0020,2025-01-25 10:08:00,1,1036.81,0.0,82.94
ORD-1179,2,CUST-0088,PROD-0018,2025-01-25 10:08:00,1,466.67,70.0,31.73
ORD-1179,3,CUST-0088,PROD-0032,2025-01-25 10:08:00,2,677.2,203.16,92.1
ORD-1180,1,CUST-0039,PROD-0017,2025-05-11 20:04:00,3,652.75,293.74,133.16
ORD-1180,2,CUST-0039,PROD-0016,2025-05-11 20:04:00,3,972.41,145.86,221.71
ORD-1180,3,CUST-0039,PROD-0047,2025-05-11 20:04:00,2,954.65,0.0,152.74
ORD-1181,1,CUST-0018,PROD-0040,2024-11-08 08:25:00,2,332.56,66.51,47.89
ORD-1181,2,CUST-0018,PROD-0025,2024-11-08 08:25:00,2,770.11,77.01,117.06
ORD-1181,3,CUST-0018,PROD-0022,2024-11-08 08:25:00,2,288.92,57.78,41.6
ORD-1182,1,CUST-0078,PROD-0012,2025-12-13 11:30:00,2,421.5,126.45,57.32
ORD-1182,2,CUST-0078,PROD-0026,2025-12-13 11:30:00,3,456.81,68.52,104.15
ORD-1182,3,CUST-0078,PROD-0021,2025-12-13 11:30:00,2,851.39,255.42,115.79
ORD-1183,1,CUST-0036,PROD-0038,2025-02-07 13:07:00,1,793.42,0.0,63.47
ORD-1183,2,CUST-0036,PROD-0035,2025-02-07 13:07:00,3,392.23,176.5,80.02
ORD-1184,1,CUST-0091,PROD-0045,2024-08-03 15:51:00,3,127.27,57.27,25.96
ORD-1184,2,CUST-0091,PROD-0005,2024-08-03 15:51:00,1,517.87,51.79,37.29
ORD-1184,3,CUST-0091,PROD-0027,2024-08-03 15:51:00,1,335.03,33.5,24.12
ORD-1185,1,CUST-0085,PROD-0005,2024-06-07 19:27:00,3,517.87,233.04,105.65
ORD-1185,2,CUST-0085,PROD-0029,2024-06-07 19:27:00,3,221.94,99.87,45.28
ORD-1185,3,CUST-0085,PROD-0039,2024-06-07 19:27:00,3,1099.17,0.0,263.8
ORD-1185,4,CUST-0085,PROD-0031,2024-06-07 19:27:00,2,1187.64,0.0,190.02
ORD-1186,1,CUST-0014,PROD-0011,2024-09-12 18:42:00,1,970.87,145.63,66.02
ORD-1186,2,CUST-0014,PROD-0042,2024-09-12 18:42:00,2,709.81,212.94,96.53
ORD-1186,3,CUST-0014,PROD-0040,2024-09-12 18:42:00,1,332.56,0.0,26.6
ORD-1187,1,CUST-0013,PROD-0029,2024-09-22 11:32:00,2,221.94,66.58,30.18
ORD-1187,2,CUST-0013,PROD-0024,2024-09-22 11:32:00,3,139.18,20.88,31.73
ORD-1188,1,CUST-0045,PROD-0027,2024-01-27 15:06:00,3,335.03,50.25,76.39
ORD-1188,2,CUST-0045,PROD-0006,2024-01-27 15:06:00,2,277.99,55.6,40.03
ORD-1188,3,CUST-0045,PROD-0008,2024-01-27 15:06:00,2,786.86,236.06,107.01
ORD-1189,1,CUST-0027,PROD-0007,2025-06-18 15:22:00,2,51.31,10.26,7.39
ORD-1189,2,CUST-0027,PROD-0029,2025-06-18 15:22:00,1,221.94,22.19,15.98
ORD-1189,3,CUST-0027,PROD-0047,2025-06-18 15:22:00,1,954.65,0.0,76.37
ORD-1189,4,CUST-0027,PROD-0045,2025-06-18 15:22:00,1,127.27,12.73,9.16
ORD-1190,1,CUST-0083,PROD-0048,2024-04-22 18:51:00,3,94.96,14.24,21.65
ORD-1190,2,CUST-0083,PROD-0016,2024-04-22 18:51:00,3,972.41,145.86,221.71
ORD-1191,1,CUST-0043,PROD-0026,2025-07-28 14:29:00,1,456.81,22.84,34.72
ORD-1191,2,CUST-0043,PROD-0041,2025-07-28 14:29:00,3,682.41,307.08,139.21
ORD-1192,1,CUST-0051,PROD-0029,2024-01-31 19:39:00,2,221.94,66.58,30.18
ORD-1192,2,CUST-0051,PROD-0038,2024-01-31 19:39:00,1,793.42,39.67,60.3
ORD-1193,1,CUST-0027,PROD-0037,2024-10-13 20:45:00,1,1054.11,52.71,80.11
ORD-1194,1,CUST-0047,PROD-0017,2024-11-30 11:29:00,3,652.75,293.74,133.16
ORD-1195,1,CUST-0068,PROD-0040,2025-10-17 13:38:00,2,332.56,66.51,47.89
ORD-1195,2,CUST-0068,PROD-0026,2025-10-17 13:38:00,2,456.81,45.68,69.44
ORD-1195,3,CUST-0068,PROD-0038,2025-10-17 13:38:00,3,793.42,238.03,171.38
ORD-1195,4,CUST-0068,PROD-0008,2025-10-17 13:38:00,3,786.86,0.0,188.85
ORD-1196,1,CUST-0087,PROD-0020,2024-05-18 13:07:00,1,1036.81,103.68,74.65
ORD-1196,2,CUST-0087,PROD-0008,2024-05-18 13:07:00,3,786.86,118.03,179.4
ORD-1197,1,CUST-0066,PROD-0037,2025-02-02 14:38:00,2,1054.11,105.41,160.22
ORD-1197,2,CUST-0066,PROD-0025,2025-02-02 14:38:00,2,770.11,77.01,117.06
ORD-1198,1,CUST-0072,PROD-0012,2024-06-20 15:18:00,2,421.5,0.0,67.44
ORD-1198,2,CUST-0072,PROD-0021,2024-06-20 15:18:00,2,851.39,0.0,136.22
ORD-1199,1,CUST-0063,PROD-0036,2024-05-20 11:52:00,2,268.96,80.69,36.58
ORD-1199,2,CUST-0063,PROD-0033,2024-05-20 11:52:00,2,1014.57,304.37,137.98
ORD-1199,3,CUST-0063,PROD-0042,2024-05-20 11:52:00,2,709.81,70.98,107.89
ORD-1199,4,CUST-0063,PROD-0032,2024-05-20 11:52:00,1,677.2,0.0,54.18
ORD-1200,1,CUST-0098,PROD-0015,2024-08-14 12:02:00,1,1020.04,153.01,69.36
ORD-1200,2,CUST-0098,PROD-0035,2024-08-14 12:02:00,3,392.23,176.5,80.02
ORD-1200,3,CUST-0098,PROD-0019,2024-08-14 12:02:00,3,998.7,0.0,239.69
ORD-1201,1,CUST-0074,PROD-0035,2024-04-27 12:49:00,2,392.23,39.22,59.62
ORD-1201,2,CUST-0074,PROD-0003,2024-04-27 12:49:00,2,889.04,0.0,142.25
ORD-1201,3,CUST-0074,PROD-0047,2024-04-27 12:49:00,3,954.65,143.2,217.66
ORD-1202,1,CUST-0039,PROD-0006,2024-02-04 15:16:00,1,277.99,13.9,21.13
ORD-1202,2,CUST-0039,PROD-0029,2024-02-04 15:16:00,3,221.94,66.58,47.94
ORD-1202,3,CUST-0039,PROD-0008,2024-02-04 15:16:00,3,786.86,354.09,160.52
ORD-1203,1,CUST-0022,PROD-0014,2025-09-23 10:50:00,3,129.44,38.83,27.96
ORD-1203,2,CUST-0022,PROD-0004,2025-09-23 10:50:00,3,1072.77,321.83,231.72
ORD-1204,1,CUST-0077,PROD-0019,2025-07-06 10:20:00,3,998.7,0.0,239.69
ORD-1204,2,CUST-0077,PROD-0037,2025-07-06 10:20:00,1,1054.11,158.12,71.68
ORD-1204,3,CUST-0077,PROD-0018,2025-07-06 10:20:00,1,466.67,46.67,33.6
ORD-1205,1,CUST-0084,PROD-0016,2024-05-10 19:55:00,3,972.41,291.72,210.04
ORD-1205,2,CUST-0084,PROD-0010,2024-05-10 19:55:00,1,975.13,146.27,66.31
ORD-1206,1,CUST-0063,PROD-0041,2024-05-26 17:40:00,2,682.41,0.0,109.19
ORD-1206,2,CUST-0063,PROD-0027,2024-05-26 17:40:00,3,335.03,0.0,80.41
ORD-1206,3,CUST-0063,PROD-0025,2024-05-26 17:40:00,2,770.11,154.02,110.9
ORD-1207,1,CUST-0089,PROD-0038,2025-01-13 15:31:00,1,793.42,119.01,53.95
ORD-1207,2,CUST-0089,PROD-0001,2025-01-13 15:31:00,3,774.52,232.36,167.3
ORD-1207,3,CUST-0089,PROD-0047,2025-01-13 15:31:00,1,954.65,143.2,64.92
ORD-1208,1,CUST-0028,PROD-0021,2025-03-16 11:31:00,3,851.39,127.71,194.12
ORD-1208,2,CUST-0028,PROD-0019,2025-03-16 11:31:00,3,998.7,449.42,203.73
ORD-1208,3,CUST-0028,PROD-0022,2025-03-16 11:31:00,2,288.92,0.0,46.23
ORD-1209,1,CUST-0006,PROD-0002,2024-04-12 18:50:00,2,344.53,0.0,55.12
ORD-1209,2,CUST-0006,PROD-0008,2024-04-12 18:50:00,2,786.86,78.69,119.6
ORD-1209,3,CUST-0006,PROD-0011,2024-04-12 18:50:00,3,970.87,145.63,221.36
ORD-1209,4,CUST-0006,PROD-0029,2024-04-12 18:50:00,3,221.94,66.58,47.94
ORD-1210,1,CUST-0021,PROD-0017,2024-10-08 09:41:00,3,652.75,97.91,148.83
ORD-1210,2,CUST-0021,PROD-0006,2024-10-08 09:41:00,1,277.99,41.7,18.9
ORD-1210,3,CUST-0021,PROD-0024,2024-10-08 09:41:00,3,139.18,41.75,30.06
ORD-1211,1,CUST-0093,PROD-0042,2025-12-18 20:14:00,1,709.81,35.49,53.95
ORD-1211,2,CUST-0093,PROD-0006,2025-12-18 20:14:00,2,277.99,0.0,44.48
ORD-1211,3,CUST-0093,PROD-0046,2025-12-18 20:14:00,1,149.39,7.47,11.35
ORD-1211,4,CUST-0093,PROD-0007,2025-12-18 20:14:00,3,51.31,23.09,10.47
ORD-1212,1,CUST-0002,PROD-0028,2024-01-10 19:21:00,3,784.68,117.7,178.91
ORD-1213,1,CUST-0062,PROD-0047,2024-03-14 11:24:00,1,954.65,0.0,76.37
ORD-1214,1,CUST-0041,PROD-0009,2025-01-12 12:08:00,1,280.12,0.0,22.41
ORD-1214,2,CUST-0041,PROD-0042,2025-01-12 12:08:00,3,709.81,106.47,161.84
ORD-1214,3,CUST-0041,PROD-0044,2025-01-12 12:08:00,2,1197.09,239.42,172.38
ORD-1214,4,CUST-0041,PROD-0010,2025-01-12 12:08:00,3,975.13,146.27,222.33
ORD-1215,1,CUST-0081,PROD-0014,2024-06-05 14:39:00,1,129.44,19.42,8.8
ORD-1215,2,CUST-0081,PROD-0006,2024-06-05 14:39:00,2,277.99,83.4,37.81
ORD-1215,3,CUST-0081,PROD-0007,2024-06-05 14:39:00,2,51.31,5.13,7.8
ORD-1215,4,CUST-0081,PROD-0009,2024-06-05 14:39:00,1,280.12,28.01,20.17
ORD-1216,1,CUST-0083,PROD-0045,2024-03-28 11:35:00,2,127.27,12.73,19.34
ORD-1216,2,CUST-0083,PROD-0002,2024-03-28 11:35:00,3,344.53,51.68,78.55
ORD-1216,3,CUST-0083,PROD-0043,2024-03-28 11:35:00,3,491.29,221.08,100.22
ORD-1217,1,CUST-0038,PROD-0032,2025-10-24 08:50:00,1,677.2,33.86,51.47
ORD-1217,2,CUST-0038,PROD-0025,2025-10-24 08:50:00,2,770.11,0.0,123.22
ORD-1218,1,CUST-0068,PROD-0009,2024-01-14 13:59:00,2,280.12,56.02,40.34
ORD-1218,2,CUST-0068,PROD-0025,2024-01-14 13:59:00,3,770.11,115.52,175.58
ORD-1218,3,CUST-0068,PROD-0037,2024-01-14 13:59:00,2,1054.11,0.0,168.66
ORD-1219,1,CUST-0003,PROD-0014,2025-08-25 09:00:00,2,129.44,25.89,18.64
ORD-1219,2,CUST-0003,PROD-0003,2025-08-25 09:00:00,3,889.04,400.07,181.36
ORD-1219,3,CUST-0003,PROD-0004,2025-08-25 09:00:00,2,1072.77,321.83,145.9
ORD-1220,1,CUST-0011,PROD-0018,2025-10-18 16:34:00,2,466.67,0.0,74.67
ORD-1220,2,CUST-0011,PROD-0006,2025-10-18 16:34:00,3,277.99,41.7,63.38
ORD-1221,1,CUST-0020,PROD-0020,2025-07-04 13:25:00,3,1036.81,466.56,211.51
ORD-1222,1,CUST-0094,PROD-0028,2024-09-02 08:15:00,1,784.68,117.7,53.36
ORD-1223,1,CUST-0079,PROD-0008,2025-09-16 08:19:00,3,786.86,118.03,179.4
ORD-1223,2,CUST-0079,PROD-0001,2025-09-16 08:19:00,3,774.52,0.0,185.88
ORD-1224,1,CUST-0021,PROD-0011,2025-05-24 13:33:00,3,970.87,291.26,209.71
ORD-1224,2,CUST-0021,PROD-0024,2025-05-24 13:33:00,3,139.18,0.0,33.4
ORD-1224,3,CUST-0021,PROD-0009,2025-05-24 13:33:00,1,280.12,28.01,20.17
ORD-1225,1,CUST-0055,PROD-0046,2024-10-06 16:04:00,1,149.39,22.41,10.16
ORD-1225,2,CUST-0055,PROD-0037,2024-10-06 16:04:00,2,1054.11,210.82,151.79
ORD-1225,3,CUST-0055,PROD-0041,2024-10-06 16:04:00,1,682.41,102.36,46.4
ORD-1226,1,CUST-0073,PROD-0007,2024-06-20 13:10:00,3,51.31,0.0,12.31
ORD-1226,2,CUST-0073,PROD-0037,2024-06-20 13:10:00,1,1054.11,0.0,84.33
ORD-1226,3,CUST-0073,PROD-0044,2024-06-20 13:10:00,1,1197.09,0.0,95.77
ORD-1227,1,CUST-0032,PROD-0010,2024-02-18 15:23:00,3,975.13,438.81,198.93
ORD-1227,2,CUST-0032,PROD-0012,2024-02-18 15:23:00,1,421.5,42.15,30.35
ORD-1227,3,CUST-0032,PROD-0003,2024-02-18 15:23:00,1,889.04,133.36,60.45
ORD-1227,4,CUST-0032,PROD-0036,2024-02-18 15:23:00,3,268.96,80.69,58.1
ORD-1228,1,CUST-0035,PROD-0033,2024-03-21 17:23:00,3,1014.57,0.0,243.5
ORD-1229,1,CUST-0023,PROD-0026,2024-08-17 20:33:00,1,456.81,68.52,31.06
ORD-1230,1,CUST-0037,PROD-0001,2024-11-15 13:05:00,3,774.52,232.36,167.3
ORD-1230,2,CUST-0037,PROD-0024,2024-11-15 13:05:00,3,139.18,20.88,31.73
ORD-1230,3,CUST-0037,PROD-0013,2024-11-15 13:05:00,2,1149.51,229.9,165.53
ORD-1230,4,CUST-0037,PROD-0019,2024-11-15 13:05:00,3,998.7,449.42,203.73
ORD-1231,1,CUST-0099,PROD-0010,2024-07-20 19:57:00,2,975.13,0.0,156.02
ORD-1231,2,CUST-0099,PROD-0001,2024-07-20 19:57:00,1,774.52,77.45,55.77
ORD-1232,1,CUST-0082,PROD-0043,2025-12-12 08:21:00,2,491.29,98.26,70.75
ORD-1233,1,CUST-0014,PROD-0032,2024-07-30 16:15:00,2,677.2,0.0,108.35
ORD-1233,2,CUST-0014,PROD-0004,2024-07-30 16:15:00,1,1072.77,53.64,81.53
ORD-1233,3,CUST-0014,PROD-0010,2024-07-30 16:15:00,3,975.13,438.81,198.93
ORD-1233,4,CUST-0014,PROD-0046,2024-07-30 16:15:00,3,149.39,44.82,32.27
ORD-1234,1,CUST-0059,PROD-0041,2024-03-28 17:06:00,1,682.41,0.0,54.59
ORD-1234,2,CUST-0059,PROD-0026,2024-03-28 17:06:00,2,456.81,45.68,69.44
ORD-1235,1,CUST-0031,PROD-0026,2024-10-26 12:54:00,2,456.81,91.36,65.78
ORD-1235,2,CUST-0031,PROD-0045,2024-10-26 12:54:00,2,127.27,25.45,18.33
ORD-1235,3,CUST-0031,PROD-0048,2024-10-26 12:54:00,1,94.96,0.0,7.6
ORD-1236,1,CUST-0026,PROD-0010,2024-05-20 20:49:00,1,975.13,48.76,74.11
ORD-1237,1,CUST-0058,PROD-0035,2025-04-23 13:26:00,2,392.23,39.22,59.62
ORD-1238,1,CUST-0058,PROD-0006,2024-11-12 15:16:00,1,277.99,27.8,20.02
ORD-1239,1,CUST-0091,PROD-0021,2025-12-15 17:02:00,1,851.39,42.57,64.71
ORD-1239,2,CUST-0091,PROD-0010,2025-12-15 17:02:00,2,975.13,292.54,132.62
ORD-1240,1,CUST-0066,PROD-0012,2024-02-21 18:19:00,2,421.5,42.15,64.07
ORD-1240,2,CUST-0066,PROD-0002,2024-02-21 18:19:00,1,344.53,51.68,23.43
ORD-1240,3,CUST-0066,PROD-0026,2024-02-21 18:19:00,1,456.81,22.84,34.72
ORD-1241,1,CUST-0016,PROD-0009,2024-01-14 08:53:00,2,280.12,56.02,40.34
ORD-1241,2,CUST-0016,PROD-0013,2024-01-14 08:53:00,3,1149.51,0.0,275.88
ORD-1242,1,CUST-0075,PROD-0002,2025-08-24 12:58:00,1,344.53,17.23,26.18
ORD-1243,1,CUST-0083,PROD-0022,2025-03-31 20:08:00,1,288.92,0.0,23.11
ORD-1244,1,CUST-0060,PROD-0047,2024-02-22 10:59:00,2,954.65,286.39,129.83
ORD-1244,2,CUST-0060,PROD-0026,2024-02-22 10:59:00,1,456.81,45.68,32.89
ORD-1244,3,CUST-0060,PROD-0032,2024-02-22 10:59:00,1,677.2,33.86,51.47
ORD-1244,4,CUST-0060,PROD-0002,2024-02-22 10:59:00,2,344.53,68.91,49.61
ORD-1245,1,CUST-0058,PROD-0042,2024-06-02 08:39:00,2,709.81,212.94,96.53
ORD-1245,2,CUST-0058,PROD-0019,2024-06-02 08:39:00,3,998.7,449.42,203.73
ORD-1246,1,CUST-0008,PROD-0027,2024-03-31 12:24:00,3,335.03,50.25,76.39
ORD-1246,2,CUST-0008,PROD-0013,2024-03-31 12:24:00,3,1149.51,0.0,275.88
ORD-1247,1,CUST-0049,PROD-0023,2025-01-03 15:34:00,2,114.15,22.83,16.44
ORD-1247,2,CUST-0049,PROD-0037,2025-01-03 15:34:00,1,1054.11,0.0,84.33
ORD-1247,3,CUST-0049,PROD-0033,2025-01-03 15:34:00,2,1014.57,101.46,154.21
ORD-1247,4,CUST-0049,PROD-0021,2025-01-03 15:34:00,1,851.39,85.14,61.3
ORD-1248,1,CUST-0008,PROD-0011,2025-04-29 16:22:00,1,970.87,48.54,73.79
ORD-1248,2,CUST-0008,PROD-0007,2025-04-29 16:22:00,2,51.31,0.0,8.21
ORD-1249,1,CUST-0098,PROD-0023,2024-08-13 17:54:00,2,114.15,22.83,16.44
ORD-1249,2,CUST-0098,PROD-0012,2024-08-13 17:54:00,3,421.5,0.0,101.16
ORD-1249,3,CUST-0098,PROD-0016,2024-08-13 17:54:00,3,972.41,291.72,210.04
ORD-1249,4,CUST-0098,PROD-0038,2024-08-13 17:54:00,3,793.42,119.01,180.9
ORD-1250,1,CUST-0073,PROD-0035,2024-07-12 20:56:00,1,392.23,0.0,31.38
ORD-1250,2,CUST-0073,PROD-0020,2024-07-12 20:56:00,1,1036.81,51.84,78.8
ORD-1250,3,CUST-0073,PROD-0012,2024-07-12 20:56:00,3,421.5,63.23,96.1
ORD-1250,4,CUST-0073,PROD-0032,2024-07-12 20:56:00,1,677.2,101.58,46.05
ORD-1251,1,CUST-0001,PROD-0022,2024-12-06 17:12:00,1,288.92,28.89,20.8
ORD-1251,2,CUST-0001,PROD-0046,2024-12-06 17:12:00,1,149.39,0.0,11.95
ORD-1252,1,CUST-0019,PROD-0008,2025-08-24 19:58:00,2,786.86,0.0,125.9
ORD-1252,2,CUST-0019,PROD-0034,2025-08-24 19:58:00,2,290.28,87.08,39.48
ORD-1253,1,CUST-0076,PROD-0009,2024-04-14 13:19:00,2,280.12,84.04,38.1
ORD-1253,2,CUST-0076,PROD-0011,2024-04-14 13:19:00,3,970.87,291.26,209.71
ORD-1253,3,CUST-0076,PROD-0047,2024-04-14 13:19:00,1,954.65,95.47,68.73
ORD-1254,1,CUST-0029,PROD-0025,2025-11-13 17:52:00,3,770.11,231.03,166.34
ORD-1254,2,CUST-0029,PROD-0020,2025-11-13 17:52:00,1,1036.81,51.84,78.8
ORD-1255,1,CUST-0094,PROD-0037,2024-01-03 19:36:00,2,1054.11,105.41,160.22
ORD-1255,2,CUST-0094,PROD-0003,2024-01-03 19:36:00,3,889.04,0.0,213.37
ORD-1255,3,CUST-0094,PROD-0012,2024-01-03 19:36:00,2,421.5,42.15,64.07
ORD-1255,4,CUST-0094,PROD-0039,2024-01-03 19:36:00,2,1099.17,0.0,175.87
ORD-1256,1,CUST-0031,PROD-0046,2024-12-22 13:10:00,3,149.39,44.82,32.27
ORD-1257,1,CUST-0058,PROD-0045,2024-01-13 12:13:00,2,127.27,25.45,18.33
ORD-1257,2,CUST-0058,PROD-0005,2024-01-13 12:13:00,1,517.87,0.0,41.43
ORD-1258,1,CUST-0007,PROD-0011,2025-01-31 15:46:00,2,970.87,291.26,132.04
ORD-1258,2,CUST-0007,PROD-0027,2025-01-31 15:46:00,1,335.03,50.25,22.78
ORD-1258,3,CUST-0007,PROD-0032,2025-01-31 15:46:00,3,677.2,101.58,154.4
ORD-1258,4,CUST-0007,PROD-0025,2025-01-31 15:46:00,1,770.11,115.52,52.37
ORD-1259,1,CUST-0010,PROD-0017,2024-02-05 12:01:00,2,652.75,65.28,99.22
ORD-1259,2,CUST-0010,PROD-0007,2024-02-05 12:01:00,2,51.31,5.13,7.8
ORD-1259,3,CUST-0010,PROD-0005,2024-02-05 12:01:00,3,517.87,0.0,124.29
ORD-1260,1,CUST-0071,PROD-0046,2024-04-06 13:38:00,1,149.39,22.41,10.16
ORD-1260,2,CUST-0071,PROD-0002,2024-04-06 13:38:00,1,344.53,0.0,27.56
ORD-1260,3,CUST-0071,PROD-0028,2024-04-06 13:38:00,1,784.68,78.47,56.5
ORD-1260,4,CUST-0071,PROD-0042,2024-04-06 13:38:00,1,709.81,35.49,53.95
ORD-1261,1,CUST-0053,PROD-0043,2025-12-15 16:46:00,1,491.29,0.0,39.3
ORD-1261,2,CUST-0053,PROD-0019,2025-12-15 16:46:00,1,998.7,149.81,67.91
ORD-1261,3,CUST-0053,PROD-0020,2025-12-15 16:46:00,3,1036.81,466.56,211.51
ORD-1262,1,CUST-0020,PROD-0006,2024-02-26 13:00:00,3,277.99,125.1,56.71
ORD-1262,2,CUST-0020,PROD-0019,2024-02-26 13:00:00,1,998.7,0.0,79.9
ORD-1262,3,CUST-0020,PROD-0043,2024-02-26 13:00:00,1,491.29,24.56,37.34
ORD-1262,4,CUST-0020,PROD-0041,2024-02-26 13:00:00,1,682.41,68.24,49.13
ORD-1263,1,CUST-0011,PROD-0031,2025-04-30 09:19:00,1,1187.64,178.15,80.76
ORD-1263,2,CUST-0011,PROD-0032,2025-04-30 09:19:00,1,677.2,67.72,48.76
ORD-1263,3,CUST-0011,PROD-0043,2025-04-30 09:19:00,2,491.29,98.26,70.75
ORD-1263,4,CUST-0011,PROD-0017,2025-04-30 09:19:00,1,652.75,97.91,44.39
ORD-1264,1,CUST-0006,PROD-0015,2024-09-27 15:29:00,1,1020.04,51.0,77.52
ORD-1264,2,CUST-0006,PROD-0018,2024-09-27 15:29:00,3,466.67,0.0,112.0
ORD-1264,3,CUST-0006,PROD-0037,2024-09-27 15:29:00,1,1054.11,105.41,75.9
ORD-1265,1,CUST-0070,PROD-0036,2025-02-28 20:37:00,2,268.96,80.69,36.58
ORD-1265,2,CUST-0070,PROD-0004,2025-02-28 20:37:00,3,1072.77,482.75,218.84
ORD-1266,1,CUST-0074,PROD-0026,2024-08-30 15:19:00,3,456.81,0.0,109.63
ORD-1267,1,CUST-0065,PROD-0008,2025-08-08 16:51:00,1,786.86,39.34,59.8
ORD-1267,2,CUST-0065,PROD-0029,2025-08-08 16:51:00,1,221.94,11.1,16.87
ORD-1268,1,CUST-0017,PROD-0013,2024-02-14 14:05:00,2,1149.51,229.9,165.53
ORD-1268,2,CUST-0017,PROD-0041,2024-02-14 14:05:00,3,682.41,0.0,163.78
ORD-1268,3,CUST-0017,PROD-0010,2024-02-14 14:05:00,1,975.13,146.27,66.31
ORD-1268,4,CUST-0017,PROD-0039,2024-02-14 14:05:00,3,1099.17,494.63,224.23
ORD-1269,1,CUST-0071,PROD-0001,2024-11-30 12:33:00,3,774.52,348.53,158.0
ORD-1269,2,CUST-0071,PROD-0045,2024-11-30 12:33:00,1,127.27,19.09,8.65
ORD-1269,3,CUST-0071,PROD-0040,2024-11-30 12:33:00,1,332.56,16.63,25.27
ORD-1269,4,CUST-0071,PROD-0038,2024-11-30 12:33:00,3,793.42,0.0,190.42
ORD-1270,1,CUST-0014,PROD-0035,2025-07-31 20:06:00,2,392.23,117.67,53.34
ORD-1270,2,CUST-0014,PROD-0023,2025-07-31 20:06:00,3,114.15,51.37,23.29
ORD-1270,3,CUST-0014,PROD-0027,2025-07-31 20:06:00,3,335.03,150.76,68.35
ORD-1271,1,CUST-0005,PROD-0040,2024-06-26 12:25:00,3,332.56,149.65,67.84
ORD-1271,2,CUST-0005,PROD-0039,2024-06-26 12:25:00,1,1099.17,164.88,74.74
ORD-1272,1,CUST-0043,PROD-0018,2025-12-09 11:03:00,2,466.67,93.33,67.2
ORD-1272,2,CUST-0043,PROD-0024,2025-12-09 11:03:00,2,139.18,41.75,18.93
ORD-1272,3,CUST-0043,PROD-0002,2025-12-09 11:03:00,3,344.53,0.0,82.69
ORD-1272,4,CUST-0043,PROD-0022,2025-12-09 11:03:00,1,288.92,14.45,21.96
ORD-1273,1,CUST-0039,PROD-0018,2025-03-30 20:52:00,3,466.67,0.0,112.0
ORD-1273,2,CUST-0039,PROD-0047,2025-03-30 20:52:00,1,954.65,143.2,64.92
ORD-1273,3,CUST-0039,PROD-0027,2025-03-30 20:52:00,1,335.03,50.25,22.78
ORD-1274,1,CUST-0095,PROD-0004,2025-05-12 20:33:00,1,1072.77,107.28,77.24
ORD-1274,2,CUST-0095,PROD-0033,2025-05-12 20:33:00,3,1014.57,456.56,206.97
ORD-1274,3,CUST-0095,PROD-0011,2025-05-12 20:33:00,1,970.87,0.0,77.67
ORD-1275,1,CUST-0023,PROD-0016,2024-07-17 11:53:00,1,972.41,145.86,66.12
ORD-1276,1,CUST-0007,PROD-0024,2025-01-05 19:12:00,2,139.18,0.0,22.27
ORD-1276,2,CUST-0007,PROD-0030,2025-01-05 19:12:00,3,212.81,0.0,51.07
ORD-1276,3,CUST-0007,PROD-0033,2025-01-05 19:12:00,1,1014.57,101.46,73.05
ORD-1277,1,CUST-0063,PROD-0038,2025-09-01 15:11:00,2,793.42,0.0,126.95
ORD-1277,2,CUST-0063,PROD-0036,2025-09-01 15:11:00,2,268.96,0.0,43.03
ORD-1277,3,CUST-0063,PROD-0023,2025-09-01 15:11:00,2,114.15,0.0,18.26
ORD-1277,4,CUST-0063,PROD-0011,2025-09-01 15:11:00,1,970.87,48.54,73.79
ORD-1278,1,CUST-0029,PROD-0018,2025-10-25 11:43:00,2,466.67,0.0,74.67
ORD-1278,2,CUST-0029,PROD-0042,2025-10-25 11:43:00,3,709.81,0.0,170.35
ORD-1279,1,CUST-0061,PROD-0015,2024-05-16 18:11:00,2,1020.04,204.01,146.89
ORD-1280,1,CUST-0092,PROD-0025,2025-12-28 18:17:00,1,770.11,115.52,52.37
ORD-1280,2,CUST-0092,PROD-0023,2025-12-28 18:17:00,2,114.15,34.24,15.52
ORD-1280,3,CUST-0092,PROD-0030,2025-12-28 18:17:00,3,212.81,0.0,51.07
ORD-1280,4,CUST-0092,PROD-0017,2025-12-28 18:17:00,1,652.75,65.28,47.0
ORD-1281,1,CUST-0072,PROD-0020,2025-10-25 17:38:00,2,1036.81,0.0,165.89
ORD-1281,2,CUST-0072,PROD-0044,2025-10-25 17:38:00,2,1197.09,239.42,172.38
ORD-1281,3,CUST-0072,PROD-0007,2025-10-25 17:38:00,3,51.31,15.39,11.08
ORD-1282,1,CUST-0036,PROD-0013,2024-09-25 18:45:00,1,1149.51,0.0,91.96
ORD-1282,2,CUST-0036,PROD-0010,2024-09-25 18:45:00,3,975.13,438.81,198.93
ORD-1282,3,CUST-0036,PROD-0034,2024-09-25 18:45:00,3,290.28,87.08,62.7
ORD-1283,1,CUST-0088,PROD-0019,2024-05-24 19:01:00,2,998.7,0.0,159.79
ORD-1283,2,CUST-0088,PROD-0017,2024-05-24 19:01:00,3,652.75,97.91,148.83
ORD-1283,3,CUST-0088,PROD-0027,2024-05-24 19:01:00,2,335.03,33.5,50.92
ORD-1283,4,CUST-0088,PROD-0026,2024-05-24 19:01:00,3,456.81,205.56,93.19
ORD-1284,1,CUST-0086,PROD-0043,2025-01-03 16:19:00,1,491.29,49.13,35.37
ORD-1284,2,CUST-0086,PROD-0036,2025-01-03 16:19:00,1,268.96,40.34,18.29
ORD-1285,1,CUST-0017,PROD-0044,2024-09-22 19:51:00,3,1197.09,0.0,287.3
ORD-1285,2,CUST-0017,PROD-0022,2024-09-22 19:51:00,1,288.92,28.89,20.8
ORD-1286,1,CUST-0029,PROD-0024,2024-11-11 14:50:00,2,139.18,41.75,18.93
ORD-1286,2,CUST-0029,PROD-0017,2024-11-11 14:50:00,1,652.75,97.91,44.39
ORD-1286,3,CUST-0029,PROD-0038,2024-11-11 14:50:00,1,793.42,0.0,63.47
ORD-1287,1,CUST-0061,PROD-0034,2024-07-19 16:07:00,1,290.28,14.51,22.06
ORD-1287,2,CUST-0061,PROD-0020,2024-07-19 16:07:00,1,1036.81,103.68,74.65
ORD-1287,3,CUST-0061,PROD-0027,2024-07-19 16:07:00,2,335.03,100.51,45.56
ORD-1287,4,CUST-0061,PROD-0004,2024-07-19 16:07:00,1,1072.77,107.28,77.24
ORD-1288,1,CUST-0092,PROD-0022,2024-07-04 20:05:00,3,288.92,0.0,69.34
ORD-1288,2,CUST-0092,PROD-0041,2024-07-04 20:05:00,1,682.41,102.36,46.4
ORD-1288,3,CUST-0092,PROD-0012,2024-07-04 20:05:00,2,421.5,42.15,64.07
ORD-1288,4,CUST-0092,PROD-0021,2024-07-04 20:05:00,1,851.39,42.57,64.71
ORD-1289,1,CUST-0063,PROD-0041,2024-04-01 10:39:00,2,682.41,0.0,109.19
ORD-1289,2,CUST-0063,PROD-0028,2024-04-01 10:39:00,1,784.68,39.23,59.64
ORD-1289,3,CUST-0063,PROD-0026,2024-04-01 10:39:00,3,456.81,137.04,98.67
ORD-1289,4,CUST-0063,PROD-0031,2024-04-01 10:39:00,1,1187.64,118.76,85.51
ORD-1290,1,CUST-0097,PROD-0041,2025-06-28 11:01:00,3,682.41,102.36,155.59
ORD-1291,1,CUST-0029,PROD-0007,2025-12-12 13:19:00,3,51.31,15.39,11.08
ORD-1291,2,CUST-0029,PROD-0025,2025-12-12 13:19:00,1,770.11,0.0,61.61
ORD-1292,1,CUST-0006,PROD-0028,2024-11-02 12:29:00,2,784.68,235.4,106.72
ORD-1292,2,CUST-0006,PROD-0044,2024-11-02 12:29:00,2,1197.09,119.71,181.96
ORD-1292,3,CUST-0006,PROD-0009,2024-11-02 12:29:00,1,280.12,42.02,19.05
ORD-1293,1,CUST-0003,PROD-0014,2024-08-22 11:46:00,1,129.44,6.47,9.84
ORD-1293,2,CUST-0003,PROD-0047,2024-08-22 11:46:00,1,954.65,95.47,68.73
ORD-1294,1,CUST-0092,PROD-0041,2025-10-29 20:02:00,1,682.41,0.0,54.59
ORD-1294,2,CUST-0092,PROD-0017,2025-10-29 20:02:00,3,652.75,0.0,156.66
ORD-1294,3,CUST-0092,PROD-0035,2025-10-29 20:02:00,3,392.23,0.0,94.14
ORD-1294,4,CUST-0092,PROD-0040,2025-10-29 20:02:00,1,332.56,0.0,26.6
ORD-1295,1,CUST-0054,PROD-0031,2025-03-31 14:07:00,1,1187.64,0.0,95.01
ORD-1295,2,CUST-0054,PROD-0045,2025-03-31 14:07:00,2,127.27,38.18,17.31
ORD-1295,3,CUST-0054,PROD-0010,2025-03-31 14:07:00,3,975.13,0.0,234.03
ORD-1296,1,CUST-0085,PROD-0027,2025-06-17 12:39:00,3,335.03,0.0,80.41
ORD-1296,2,CUST-0085,PROD-0007,2025-06-17 12:39:00,2,51.31,0.0,8.21
ORD-1297,1,CUST-0014,PROD-0017,2025-05-25 11:38:00,1,652.75,65.28,47.0
ORD-1297,2,CUST-0014,PROD-0034,2025-05-25 11:38:00,3,290.28,130.63,59.22
ORD-1298,1,CUST-0038,PROD-0014,2024-06-14 08:35:00,1,129.44,0.0,10.36
ORD-1298,2,CUST-0038,PROD-0045,2024-06-14 08:35:00,1,127.27,0.0,10.18
ORD-1298,3,CUST-0038,PROD-0031,2024-06-14 08:35:00,1,1187.64,178.15,80.76
ORD-1298,4,CUST-0038,PROD-0022,2024-06-14 08:35:00,1,288.92,0.0,23.11
ORD-1299,1,CUST-0100,PROD-0017,2025-06-08 09:46:00,3,652.75,97.91,148.83
ORD-1300,1,CUST-0059,PROD-0007,2024-10-31 12:29:00,1,51.31,0.0,4.1
ORD-1301,1,CUST-0038,PROD-0028,2025-01-04 20:43:00,1,784.68,0.0,62.77
ORD-1301,2,CUST-0038,PROD-0048,2025-01-04 20:43:00,1,94.96,4.75,7.22
ORD-1301,3,CUST-0038,PROD-0008,2025-01-04 20:43:00,3,786.86,118.03,179.4
ORD-1302,1,CUST-0043,PROD-0047,2025-01-02 15:39:00,2,954.65,95.47,145.11
ORD-1302,2,CUST-0043,PROD-0006,2025-01-02 15:39:00,1,277.99,41.7,18.9
ORD-1302,3,CUST-0043,PROD-0024,2025-01-02 15:39:00,2,139.18,41.75,18.93
ORD-1303,1,CUST-0035,PROD-0027,2025-01-30 19:54:00,1,335.03,0.0,26.8
ORD-1303,2,CUST-0035,PROD-0042,2025-01-30 19:54:00,1,709.81,0.0,56.78
ORD-1303,3,CUST-0035,PROD-0011,2025-01-30 19:54:00,2,970.87,291.26,132.04
ORD-1303,4,CUST-0035,PROD-0008,2025-01-30 19:54:00,3,786.86,354.09,160.52
ORD-1304,1,CUST-0024,PROD-0040,2025-09-18 14:49:00,3,332.56,49.88,75.82
ORD-1304,2,CUST-0024,PROD-0002,2025-09-18 14:49:00,2,344.53,103.36,46.86
ORD-1304,3,CUST-0024,PROD-0044,2025-09-18 14:49:00,1,1197.09,179.56,81.4
ORD-1305,1,CUST-0057,PROD-0001,2024-02-18 09:16:00,3,774.52,116.18,176.59
ORD-1305,2,CUST-0057,PROD-0046,2024-02-18 09:16:00,3,149.39,44.82,32.27
ORD-1305,3,CUST-0057,PROD-0044,2024-02-18 09:16:00,3,1197.09,0.0,287.3
ORD-1306,1,CUST-0056,PROD-0023,2025-11-09 19:15:00,2,114.15,11.42,17.35
ORD-1306,2,CUST-0056,PROD-0043,2025-11-09 19:15:00,3,491.29,0.0,117.91
ORD-1306,3,CUST-0056,PROD-0044,2025-11-09 19:15:00,1,1197.09,59.85,90.98
ORD-1306,4,CUST-0056,PROD-0042,2025-11-09 19:15:00,3,709.81,319.41,144.8
ORD-1307,1,CUST-0064,PROD-0021,2024-06-19 09:48:00,1,851.39,42.57,64.71
ORD-1307,2,CUST-0064,PROD-0016,2024-06-19 09:48:00,3,972.41,437.58,198.37
ORD-1307,3,CUST-0064,PROD-0022,2024-06-19 09:48:00,2,288.92,28.89,43.92
ORD-1307,4,CUST-0064,PROD-0018,2024-06-19 09:48:00,1,466.67,70.0,31.73
ORD-1308,1,CUST-0057,PROD-0029,2025-08-10 15:05:00,3,221.94,0.0,53.27
ORD-1308,2,CUST-0057,PROD-0021,2025-08-10 15:05:00,1,851.39,127.71,57.89
ORD-1308,3,CUST-0057,PROD-0008,2025-08-10 15:05:00,2,786.86,0.0,125.9
ORD-1308,4,CUST-0057,PROD-0032,2025-08-10 15:05:00,3,677.2,0.0,162.53
ORD-1309,1,CUST-0012,PROD-0033,2025-09-11 17:40:00,3,1014.57,456.56,206.97
ORD-1309,2,CUST-0012,PROD-0036,2025-09-11 17:40:00,2,268.96,53.79,38.73
ORD-1309,3,CUST-0012,PROD-0014,2025-09-11 17:40:00,1,129.44,6.47,9.84
ORD-1310,1,CUST-0059,PROD-0046,2024-12-06 16:49:00,1,149.39,0.0,11.95
ORD-1310,2,CUST-0059,PROD-0043,2024-12-06 16:49:00,3,491.29,73.69,112.01
ORD-1310,3,CUST-0059,PROD-0024,2024-12-06 16:49:00,1,139.18,13.92,10.02
ORD-1310,4,CUST-0059,PROD-0029,2024-12-06 16:49:00,2,221.94,44.39,31.96
ORD-1311,1,CUST-0071,PROD-0003,2025-06-19 13:44:00,1,889.04,133.36,60.45
ORD-1312,1,CUST-0018,PROD-0013,2025-02-24 09:16:00,2,1149.51,114.95,174.73
ORD-1312,2,CUST-0018,PROD-0008,2025-02-24 09:16:00,2,786.86,78.69,119.6
ORD-1313,1,CUST-0092,PROD-0003,2024-12-13 09:48:00,1,889.04,133.36,60.45
ORD-1313,2,CUST-0092,PROD-0041,2024-12-13 09:48:00,2,682.41,68.24,103.73
ORD-1313,3,CUST-0092,PROD-0044,2024-12-13 09:48:00,2,1197.09,0.0,191.53
ORD-1313,4,CUST-0092,PROD-0038,2024-12-13 09:48:00,3,793.42,0.0,190.42
ORD-1314,1,CUST-0071,PROD-0045,2025-03-20 17:30:00,1,127.27,6.36,9.67
ORD-1314,2,CUST-0071,PROD-0038,2025-03-20 17:30:00,1,793.42,119.01,53.95
ORD-1315,1,CUST-0085,PROD-0033,2025-09-07 17:56:00,3,1014.57,152.19,231.32
ORD-1315,2,CUST-0085,PROD-0025,2025-09-07 17:56:00,2,770.11,231.03,104.74
ORD-1315,3,CUST-0085,PROD-0027,2025-09-07 17:56:00,2,335.03,67.01,48.24
ORD-1316,1,CUST-0058,PROD-0045,2024-05-17 10:26:00,3,127.27,19.09,29.02
ORD-1316,2,CUST-0058,PROD-0036,2024-05-17 10:26:00,1,268.96,13.45,20.44
ORD-1316,3,CUST-0058,PROD-0021,2024-05-17 10:26:00,3,851.39,255.42,183.9
ORD-1317,1,CUST-0088,PROD-0033,2024-12-20 18:08:00,3,1014.57,304.37,219.15
ORD-1317,2,CUST-0088,PROD-0035,2024-12-20 18:08:00,3,392.23,0.0,94.14
ORD-1318,1,CUST-0098,PROD-0044,2024-12-27 16:30:00,2,1197.09,0.0,191.53
ORD-1318,2,CUST-0098,PROD-0048,2024-12-27 16:30:00,3,94.96,0.0,22.79
ORD-1318,3,CUST-0098,PROD-0035,2024-12-27 16:30:00,1,392.23,58.83,26.67
ORD-1318,4,CUST-0098,PROD-0019,2024-12-27 16:30:00,1,998.7,0.0,79.9
ORD-1319,1,CUST-0086,PROD-0019,2024-02-28 11:17:00,2,998.7,99.87,151.8
ORD-1319,2,CUST-0086,PROD-0044,2024-02-28 11:17:00,1,1197.09,119.71,86.19
ORD-1320,1,CUST-0027,PROD-0007,2025-07-09 08:22:00,3,51.31,7.7,11.7
ORD-1320,2,CUST-0027,PROD-0040,2025-07-09 08:22:00,3,332.56,149.65,67.84
ORD-1320,3,CUST-0027,PROD-0044,2025-07-09 08:22:00,1,1197.09,119.71,86.19
ORD-1320,4,CUST-0027,PROD-0048,2025-07-09 08:22:00,3,94.96,0.0,22.79
ORD-1321,1,CUST-0049,PROD-0036,2025-02-01 14:50:00,3,268.96,80.69,58.1
ORD-1321,2,CUST-0049,PROD-0004,2025-02-01 14:50:00,1,1072.77,160.92,72.95
ORD-1321,3,CUST-0049,PROD-0001,2025-02-01 14:50:00,1,774.52,77.45,55.77
ORD-1322,1,CUST-0097,PROD-0047,2025-08-26 16:47:00,2,954.65,286.39,129.83
ORD-1322,2,CUST-0097,PROD-0013,2025-08-26 16:47:00,1,1149.51,0.0,91.96
ORD-1323,1,CUST-0024,PROD-0025,2024-06-27 19:32:00,1,770.11,115.52,52.37
ORD-1324,1,CUST-0036,PROD-0038,2025-07-24 12:08:00,1,793.42,79.34,57.13
ORD-1324,2,CUST-0036,PROD-0017,2025-07-24 12:08:00,2,652.75,65.28,99.22
ORD-1325,1,CUST-0006,PROD-0041,2024-06-07 13:38:00,3,682.41,204.72,147.4
ORD-1326,1,CUST-0063,PROD-0046,2025-08-10 16:22:00,2,149.39,14.94,22.71
ORD-1327,1,CUST-0024,PROD-0027,2025-06-18 09:50:00,3,335.03,150.76,68.35
ORD-1327,2,CUST-0024,PROD-0035,2025-06-18 09:50:00,1,392.23,39.22,28.24
ORD-1328,1,CUST-0029,PROD-0024,2024-08-07 18:21:00,3,139.18,62.63,28.39
ORD-1328,2,CUST-0029,PROD-0019,2024-08-07 18:21:00,3,998.7,0.0,239.69
ORD-1328,3,CUST-0029,PROD-0014,2024-08-07 18:21:00,1,129.44,12.94,9.32
ORD-1329,1,CUST-0058,PROD-0003,2024-09-04 18:39:00,2,889.04,266.71,120.91
ORD-1329,2,CUST-0058,PROD-0044,2024-09-04 18:39:00,1,1197.09,179.56,81.4
ORD-1330,1,CUST-0033,PROD-0034,2025-07-08 19:18:00,2,290.28,87.08,39.48
ORD-1331,1,CUST-0063,PROD-0021,2024-02-15 12:57:00,1,851.39,0.0,68.11
ORD-1331,2,CUST-0063,PROD-0033,2024-02-15 12:57:00,1,1014.57,0.0,81.17
ORD-1332,1,CUST-0081,PROD-0044,2024-03-09 11:42:00,1,1197.09,59.85,90.98
ORD-1332,2,CUST-0081,PROD-0028,2024-03-09 11:42:00,3,784.68,353.11,160.07
ORD-1333,1,CUST-0083,PROD-0002,2024-03-15 19:43:00,3,344.53,103.36,74.42
ORD-1333,2,CUST-0083,PROD-0030,2024-03-15 19:43:00,1,212.81,0.0,17.02
ORD-1334,1,CUST-0010,PROD-0036,2024-02-26 10:50:00,1,268.96,26.9,19.36
ORD-1334,2,CUST-0010,PROD-0005,2024-02-26 10:50:00,2,517.87,155.36,70.43
ORD-1334,3,CUST-0010,PROD-0037,2024-02-26 10:50:00,2,1054.11,316.23,143.36
ORD-1335,1,CUST-0056,PROD-0035,2024-11-20 08:24:00,1,392.23,0.0,31.38
ORD-1336,1,CUST-0097,PROD-0023,2025-08-23 08:44:00,3,114.15,0.0,27.4
ORD-1337,1,CUST-0038,PROD-0019,2025-12-04 12:38:00,2,998.7,299.61,135.82
ORD-1338,1,CUST-0051,PROD-0035,2025-11-08 08:30:00,1,392.23,58.83,26.67
ORD-1338,2,CUST-0051,PROD-0015,2025-11-08 08:30:00,3,1020.04,306.01,220.33
ORD-1339,1,CUST-0082,PROD-0001,2024-05-28 12:43:00,1,774.52,0.0,61.96
ORD-1339,2,CUST-0082,PROD-0036,2024-05-28 12:43:00,1,268.96,40.34,18.29
ORD-1339,3,CUST-0082,PROD-0010,2024-05-28 12:43:00,3,975.13,0.0,234.03
ORD-1340,1,CUST-0040,PROD-0014,2024-08-04 19:47:00,3,129.44,19.42,29.51
ORD-1340,2,CUST-0040,PROD-0027,2024-08-04 19:47:00,1,335.03,16.75,25.46
ORD-1340,3,CUST-0040,PROD-0042,2024-08-04 19:47:00,1,709.81,70.98,51.11
ORD-1341,1,CUST-0025,PROD-0036,2024-04-28 10:42:00,2,268.96,0.0,43.03
ORD-1342,1,CUST-0038,PROD-0013,2025-11-19 09:16:00,3,1149.51,517.28,234.5
ORD-1343,1,CUST-0043,PROD-0007,2025-01-01 10:42:00,3,51.31,0.0,12.31
ORD-1343,2,CUST-0043,PROD-0019,2025-01-01 10:42:00,1,998.7,99.87,71.91
ORD-1344,1,CUST-0063,PROD-0045,2025-04-07 13:39:00,3,127.27,38.18,27.49
ORD-1344,2,CUST-0063,PROD-0038,2025-04-07 13:39:00,2,793.42,238.03,107.9
ORD-1344,3,CUST-0063,PROD-0010,2025-04-07 13:39:00,1,975.13,0.0,78.01
ORD-1345,1,CUST-0041,PROD-0018,2024-09-10 20:14:00,3,466.67,140.0,100.8
ORD-1345,2,CUST-0041,PROD-0024,2024-09-10 20:14:00,2,139.18,41.75,18.93
ORD-1345,3,CUST-0041,PROD-0009,2024-09-10 20:14:00,2,280.12,56.02,40.34
ORD-1345,4,CUST-0041,PROD-0044,2024-09-10 20:14:00,2,1197.09,359.13,162.8
ORD-1346,1,CUST-0071,PROD-0018,2024-04-22 10:41:00,1,466.67,23.33,35.47
ORD-1347,1,CUST-0034,PROD-0002,2025-10-04 09:46:00,3,344.53,0.0,82.69
ORD-1348,1,CUST-0075,PROD-0003,2025-08-16 14:49:00,2,889.04,266.71,120.91
ORD-1348,2,CUST-0075,PROD-0036,2025-08-16 14:49:00,3,268.96,40.34,61.32
ORD-1349,1,CUST-0047,PROD-0009,2025-02-06 11:57:00,3,280.12,0.0,67.23
ORD-1349,2,CUST-0047,PROD-0030,2025-02-06 11:57:00,2,212.81,42.56,30.64
ORD-1349,3,CUST-0047,PROD-0033,2025-02-06 11:57:00,3,1014.57,0.0,243.5
ORD-1350,1,CUST-0085,PROD-0033,2024-09-02 20:39:00,2,1014.57,101.46,154.21
ORD-1350,2,CUST-0085,PROD-0009,2024-09-02 20:39:00,1,280.12,14.01,21.29
ORD-1351,1,CUST-0095,PROD-0032,2025-05-11 13:02:00,1,677.2,67.72,48.76
ORD-1351,2,CUST-0095,PROD-0015,2025-05-11 13:02:00,2,1020.04,102.0,155.05
ORD-1352,1,CUST-0006,PROD-0025,2025-11-16 11:33:00,1,770.11,0.0,61.61
ORD-1352,2,CUST-0006,PROD-0031,2025-11-16 11:33:00,3,1187.64,356.29,256.53
ORD-1352,3,CUST-0006,PROD-0030,2025-11-16 11:33:00,1,212.81,21.28,15.32
ORD-1353,1,CUST-0095,PROD-0025,2024-09-27 17:34:00,2,770.11,154.02,110.9
ORD-1353,2,CUST-0095,PROD-0042,2024-09-27 17:34:00,3,709.81,0.0,170.35
ORD-1354,1,CUST-0067,PROD-0034,2024-09-15 14:58:00,2,290.28,58.06,41.8
ORD-1354,2,CUST-0067,PROD-0026,2024-09-15 14:58:00,2,456.81,137.04,62.13
ORD-1355,1,CUST-0078,PROD-0029,2024-01-08 16:56:00,1,221.94,0.0,17.76
ORD-1355,2,CUST-0078,PROD-0011,2024-01-08 16:56:00,3,970.87,291.26,209.71
ORD-1356,1,CUST-0028,PROD-0039,2024-06-03 10:10:00,3,1099.17,164.88,250.61
ORD-1356,2,CUST-0028,PROD-0046,2024-06-03 10:10:00,2,149.39,29.88,21.51
ORD-1356,3,CUST-0028,PROD-0008,2024-06-03 10:10:00,3,786.86,0.0,188.85
ORD-1357,1,CUST-0062,PROD-0038,2025-11-23 15:30:00,3,793.42,357.04,161.86
ORD-1357,2,CUST-0062,PROD-0011,2025-11-23 15:30:00,1,970.87,48.54,73.79
ORD-1358,1,CUST-0006,PROD-0009,2024-05-11 17:37:00,3,280.12,0.0,67.23
ORD-1358,2,CUST-0006,PROD-0041,2024-05-11 17:37:00,3,682.41,102.36,155.59
ORD-1359,1,CUST-0008,PROD-0034,2024-06-20 12:59:00,3,290.28,0.0,69.67
ORD-1359,2,CUST-0008,PROD-0026,2024-06-20 12:59:00,3,456.81,137.04,98.67
ORD-1360,1,CUST-0011,PROD-0031,2024-08-10 15:38:00,3,1187.64,178.15,270.78
ORD-1360,2,CUST-0011,PROD-0011,2024-08-10 15:38:00,3,970.87,145.63,221.36
ORD-1360,3,CUST-0011,PROD-0015,2024-08-10 15:38:00,3,1020.04,306.01,220.33
ORD-1360,4,CUST-0011,PROD-0027,2024-08-10 15:38:00,1,335.03,33.5,24.12
ORD-1361,1,CUST-0059,PROD-0025,2025-09-03 17:04:00,1,770.11,0.0,61.61
ORD-1361,2,CUST-0059,PROD-0009,2025-09-03 17:04:00,1,280.12,42.02,19.05
ORD-1362,1,CUST-0020,PROD-0040,2025-09-13 09:11:00,3,332.56,0.0,79.81
ORD-1362,2,CUST-0020,PROD-0039,2025-09-13 09:11:00,1,1099.17,164.88,74.74
ORD-1362,3,CUST-0020,PROD-0003,2025-09-13 09:11:00,3,889.04,133.36,202.7
ORD-1362,4,CUST-0020,PROD-0035,2025-09-13 09:11:00,3,392.23,0.0,94.14
ORD-1363,1,CUST-0100,PROD-0024,2025-11-26 18:27:00,2,139.18,13.92,21.16
ORD-1363,2,CUST-0100,PROD-0003,2025-11-26 18:27:00,2,889.04,266.71,120.91
ORD-1363,3,CUST-0100,PROD-0045,2025-11-26 18:27:00,2,127.27,0.0,20.36
ORD-1363,4,CUST-0100,PROD-0034,2025-11-26 18:27:00,2,290.28,29.03,44.12
ORD-1364,1,CUST-0033,PROD-0019,2025-05-04 20:14:00,3,998.7,449.42,203.73
ORD-1365,1,CUST-0033,PROD-0037,2024-07-13 08:45:00,3,1054.11,0.0,252.99
ORD-1366,1,CUST-0067,PROD-0045,2024-01-09 14:41:00,2,127.27,25.45,18.33
ORD-1366,2,CUST-0067,PROD-0021,2024-01-09 14:41:00,1,851.39,42.57,64.71
ORD-1367,1,CUST-0055,PROD-0035,2025-10-30 17:16:00,2,392.23,78.45,56.48
ORD-1367,2,CUST-0055,PROD-0028,2025-10-30 17:16:00,3,784.68,353.11,160.07
ORD-1367,3,CUST-0055,PROD-0037,2025-10-30 17:16:00,1,1054.11,158.12,71.68
ORD-1368,1,CUST-0071,PROD-0036,2025-07-25 15:11:00,2,268.96,53.79,38.73
ORD-1368,2,CUST-0071,PROD-0031,2025-07-25 15:11:00,3,1187.64,534.44,242.28
ORD-1368,3,CUST-0071,PROD-0017,2025-07-25 15:11:00,3,652.75,97.91,148.83
ORD-1369,1,CUST-0085,PROD-0045,2024-05-02 19:14:00,3,127.27,57.27,25.96
ORD-1369,2,CUST-0085,PROD-0011,2024-05-02 19:14:00,2,970.87,0.0,155.34
ORD-1369,3,CUST-0085,PROD-0007,2024-05-02 19:14:00,1,51.31,7.7,3.49
ORD-1369,4,CUST-0085,PROD-0014,2024-05-02 19:14:00,3,129.44,0.0,31.07
ORD-1370,1,CUST-0012,PROD-0006,2024-05-29 15:59:00,2,277.99,0.0,44.48
ORD-1370,2,CUST-0012,PROD-0005,2024-05-29 15:59:00,3,517.87,0.0,124.29
ORD-1370,3,CUST-0012,PROD-0017,2024-05-29 15:59:00,3,652.75,293.74,133.16
ORD-1370,4,CUST-0012,PROD-0015,2024-05-29 15:59:00,2,1020.04,204.01,146.89
ORD-1371,1,CUST-0092,PROD-0041,2025-09-04 08:49:00,2,682.41,0.0,109.19
ORD-1371,2,CUST-0092,PROD-0032,2025-09-04 08:49:00,1,677.2,67.72,48.76
ORD-1372,1,CUST-0025,PROD-0040,2024-02-05 20:38:00,3,332.56,0.0,79.81
ORD-1372,2,CUST-0025,PROD-0011,2024-02-05 20:38:00,2,970.87,97.09,147.57
ORD-1373,1,CUST-0084,PROD-0026,2024-01-02 10:05:00,2,456.81,137.04,62.13
ORD-1373,2,CUST-0084,PROD-0023,2024-01-02 10:05:00,3,114.15,17.12,26.03
ORD-1373,3,CUST-0084,PROD-0043,2024-01-02 10:05:00,3,491.29,0.0,117.91
ORD-1374,1,CUST-0095,PROD-0036,2025-12-22 09:58:00,2,268.96,53.79,38.73
ORD-1375,1,CUST-0045,PROD-0030,2024-10-11 11:38:00,3,212.81,0.0,51.07
ORD-1375,2,CUST-0045,PROD-0026,2024-10-11 11:38:00,2,456.81,45.68,69.44
ORD-1376,1,CUST-0053,PROD-0033,2025-06-03 09:35:00,2,1014.57,202.91,146.1
ORD-1377,1,CUST-0015,PROD-0045,2025-06-10 12:56:00,3,127.27,57.27,25.96
ORD-1377,2,CUST-0015,PROD-0029,2025-06-10 12:56:00,1,221.94,22.19,15.98
ORD-1377,3,CUST-0015,PROD-0025,2025-06-10 12:56:00,2,770.11,231.03,104.74
ORD-1378,1,CUST-0076,PROD-0005,2024-01-30 15:07:00,1,517.87,25.89,39.36
ORD-1378,2,CUST-0076,PROD-0025,2024-01-30 15:07:00,2,770.11,231.03,104.74
ORD-1378,3,CUST-0076,PROD-0041,2024-01-30 15:07:00,2,682.41,0.0,109.19
ORD-1379,1,CUST-0090,PROD-0026,2024-09-27 11:18:00,3,456.81,137.04,98.67
ORD-1380,1,CUST-0010,PROD-0023,2025-07-22 10:30:00,2,114.15,11.42,17.35
ORD-1380,2,CUST-0010,PROD-0014,2025-07-22 10:30:00,3,129.44,19.42,29.51
ORD-1380,3,CUST-0010,PROD-0037,2025-07-22 10:30:00,2,1054.11,105.41,160.22
ORD-1381,1,CUST-0031,PROD-0013,2024-09-05 12:13:00,3,1149.51,344.85,248.29
ORD-1381,2,CUST-0031,PROD-0016,2024-09-05 12:13:00,1,972.41,0.0,77.79
ORD-1382,1,CUST-0016,PROD-0040,2024-03-22 18:42:00,2,332.56,66.51,47.89
ORD-1382,2,CUST-0016,PROD-0001,2024-03-22 18:42:00,3,774.52,232.36,167.3
ORD-1382,3,CUST-0016,PROD-0035,2024-03-22 18:42:00,2,392.23,78.45,56.48
ORD-1382,4,CUST-0016,PROD-0003,2024-03-22 18:42:00,2,889.04,88.9,135.13
ORD-1383,1,CUST-0098,PROD-0037,2025-06-08 12:25:00,1,1054.11,158.12,71.68
ORD-1383,2,CUST-0098,PROD-0009,2025-06-08 12:25:00,2,280.12,0.0,44.82
ORD-1384,1,CUST-0065,PROD-0030,2024-12-22 14:55:00,3,212.81,95.76,43.41
ORD-1384,2,CUST-0065,PROD-0008,2024-12-22 14:55:00,2,786.86,0.0,125.9
ORD-1385,1,CUST-0002,PROD-0021,2025-11-22 11:24:00,2,851.39,170.28,122.6
ORD-1386,1,CUST-0024,PROD-0031,2025-07-16 12:15:00,2,1187.64,118.76,180.52
ORD-1386,2,CUST-0024,PROD-0040,2025-07-16 12:15:00,2,332.56,99.77,45.23
ORD-1386,3,CUST-0024,PROD-0022,2025-07-16 12:15:00,1,288.92,43.34,19.65
ORD-1387,1,CUST-0090,PROD-0018,2025-01-17 13:54:00,1,466.67,23.33,35.47
ORD-1387,2,CUST-0090,PROD-0029,2025-01-17 13:54:00,1,221.94,22.19,15.98
ORD-1387,3,CUST-0090,PROD-0012,2025-01-17 13:54:00,1,421.5,63.22,28.66
ORD-1387,4,CUST-0090,PROD-0037,2025-01-17 13:54:00,2,1054.11,105.41,160.22
ORD-1388,1,CUST-0019,PROD-0012,2024-06-03 15:51:00,2,421.5,126.45,57.32
ORD-1389,1,CUST-0018,PROD-0032,2025-10-08 16:34:00,3,677.2,0.0,162.53
ORD-1389,2,CUST-0018,PROD-0020,2025-10-08 16:34:00,2,1036.81,0.0,165.89
ORD-1389,3,CUST-0018,PROD-0017,2025-10-08 16:34:00,3,652.75,97.91,148.83
ORD-1390,1,CUST-0008,PROD-0029,2024-08-09 12:30:00,3,221.94,66.58,47.94
ORD-1391,1,CUST-0034,PROD-0023,2025-01-05 13:35:00,1,114.15,11.42,8.22
ORD-1391,2,CUST-0034,PROD-0002,2025-01-05 13:35:00,3,344.53,51.68,78.55
ORD-1391,3,CUST-0034,PROD-0027,2025-01-05 13:35:00,3,335.03,50.25,76.39
ORD-1392,1,CUST-0100,PROD-0048,2024-10-19 13:20:00,3,94.96,28.49,20.51
ORD-1392,2,CUST-0100,PROD-0029,2024-10-19 13:20:00,2,221.94,22.19,33.74
ORD-1392,3,CUST-0100,PROD-0006,2024-10-19 13:20:00,1,277.99,27.8,20.02
ORD-1392,4,CUST-0100,PROD-0025,2024-10-19 13:20:00,2,770.11,231.03,104.74
ORD-1393,1,CUST-0010,PROD-0021,2024-03-23 10:21:00,2,851.39,170.28,122.6
ORD-1393,2,CUST-0010,PROD-0042,2024-03-23 10:21:00,3,709.81,319.41,144.8
ORD-1394,1,CUST-0035,PROD-0048,2025-04-01 20:55:00,2,94.96,28.49,12.91
ORD-1394,2,CUST-0035,PROD-0038,2025-04-01 20:55:00,1,793.42,39.67,60.3
ORD-1394,3,CUST-0035,PROD-0034,2025-04-01 20:55:00,1,290.28,14.51,22.06
ORD-1395,1,CUST-0094,PROD-0014,2024-08-29 18:16:00,1,129.44,19.42,8.8
ORD-1396,1,CUST-0014,PROD-0036,2024-04-08 09:59:00,3,268.96,0.0,64.55
ORD-1396,2,CUST-0014,PROD-0004,2024-04-08 09:59:00,1,1072.77,107.28,77.24
ORD-1396,3,CUST-0014,PROD-0002,2024-04-08 09:59:00,3,344.53,51.68,78.55
ORD-1396,4,CUST-0014,PROD-0026,2024-04-08 09:59:00,1,456.81,68.52,31.06
ORD-1397,1,CUST-0040,PROD-0029,2024-08-23 11:47:00,1,221.94,11.1,16.87
ORD-1397,2,CUST-0040,PROD-0041,2024-08-23 11:47:00,1,682.41,0.0,54.59
ORD-1397,3,CUST-0040,PROD-0009,2024-08-23 11:47:00,3,280.12,84.04,60.51
ORD-1398,1,CUST-0042,PROD-0036,2025-05-03 15:55:00,3,268.96,40.34,61.32
ORD-1398,2,CUST-0042,PROD-0029,2025-05-03 15:55:00,3,221.94,99.87,45.28
ORD-1398,3,CUST-0042,PROD-0009,2025-05-03 15:55:00,3,280.12,126.05,57.14
ORD-1399,1,CUST-0068,PROD-0023,2025-10-18 18:34:00,1,114.15,0.0,9.13
ORD-1399,2,CUST-0068,PROD-0031,2025-10-18 18:34:00,2,1187.64,237.53,171.02
ORD-1399,3,CUST-0068,PROD-0035,2025-10-18 18:34:00,2,392.23,117.67,53.34
ORD-1400,1,CUST-0034,PROD-0034,2024-06-09 12:00:00,1,290.28,29.03,20.9
ORD-1401,1,CUST-0037,PROD-0031,2025-04-26 16:00:00,2,1187.64,118.76,180.52
ORD-1401,2,CUST-0037,PROD-0020,2025-04-26 16:00:00,1,1036.81,103.68,74.65
ORD-1401,3,CUST-0037,PROD-0001,2025-04-26 16:00:00,1,774.52,116.18,52.67
ORD-1401,4,CUST-0037,PROD-0028,2025-04-26 16:00:00,3,784.68,353.11,160.07
ORD-1402,1,CUST-0051,PROD-0025,2024-09-13 10:45:00,2,770.11,77.01,117.06
ORD-1402,2,CUST-0051,PROD-0015,2024-09-13 10:45:00,3,1020.04,306.01,220.33
ORD-1402,3,CUST-0051,PROD-0017,2024-09-13 10:45:00,2,652.75,130.55,94.0
ORD-1402,4,CUST-0051,PROD-0006,2024-09-13 10:45:00,2,277.99,27.8,42.25
ORD-1403,1,CUST-0009,PROD-0041,2024-07-06 10:18:00,2,682.41,204.72,92.81
ORD-1404,1,CUST-0035,PROD-0021,2025-12-19 17:31:00,1,851.39,0.0,68.11
ORD-1404,2,CUST-0035,PROD-0002,2025-12-19 17:31:00,3,344.53,0.0,82.69
ORD-1405,1,CUST-0024,PROD-0046,2024-04-15 12:17:00,3,149.39,0.0,35.85
ORD-1405,2,CUST-0024,PROD-0029,2024-04-15 12:17:00,1,221.94,0.0,17.76
ORD-1406,1,CUST-0020,PROD-0027,2024-01-17 15:13:00,2,335.03,100.51,45.56
ORD-1406,2,CUST-0020,PROD-0020,2024-01-17 15:13:00,3,1036.81,0.0,248.83
ORD-1406,3,CUST-0020,PROD-0032,2024-01-17 15:13:00,2,677.2,0.0,108.35
ORD-1407,1,CUST-0097,PROD-0005,2024-05-30 08:17:00,1,517.87,51.79,37.29
ORD-1407,2,CUST-0097,PROD-0035,2024-05-30 08:17:00,2,392.23,0.0,62.76
ORD-1407,3,CUST-0097,PROD-0031,2024-05-30 08:17:00,1,1187.64,59.38,90.26
ORD-1407,4,CUST-0097,PROD-0012,2024-05-30 08:17:00,2,421.5,126.45,57.32
ORD-1408,1,CUST-0032,PROD-0034,2024-02-05 11:29:00,3,290.28,43.54,66.18
ORD-1409,1,CUST-0061,PROD-0011,2025-02-03 18:19:00,1,970.87,0.0,77.67
ORD-1409,2,CUST-0061,PROD-0041,2025-02-03 18:19:00,2,682.41,204.72,92.81
ORD-1409,3,CUST-0061,PROD-0047,2025-02-03 18:19:00,3,954.65,286.39,206.2
ORD-1410,1,CUST-0026,PROD-0008,2025-01-05 08:55:00,3,786.86,354.09,160.52
ORD-1410,2,CUST-0026,PROD-0016,2025-01-05 08:55:00,2,972.41,0.0,155.59
ORD-1411,1,CUST-0022,PROD-0016,2024-10-10 17:07:00,3,972.41,437.58,198.37
ORD-1411,2,CUST-0022,PROD-0001,2024-10-10 17:07:00,3,774.52,116.18,176.59
ORD-1411,3,CUST-0022,PROD-0003,2024-10-10 17:07:00,2,889.04,0.0,142.25
ORD-1411,4,CUST-0022,PROD-0038,2024-10-10 17:07:00,1,793.42,39.67,60.3
ORD-1412,1,CUST-0064,PROD-0041,2024-04-04 18:39:00,3,682.41,102.36,155.59
ORD-1412,2,CUST-0064,PROD-0004,2024-04-04 18:39:00,3,1072.77,0.0,257.46
ORD-1412,3,CUST-0064,PROD-0023,2024-04-04 18:39:00,1,114.15,17.12,7.76
ORD-1413,1,CUST-0030,PROD-0029,2024-11-21 16:50:00,1,221.94,33.29,15.09
ORD-1413,2,CUST-0030,PROD-0047,2024-11-21 16:50:00,2,954.65,95.47,145.11
ORD-1413,3,CUST-0030,PROD-0013,2024-11-21 16:50:00,2,1149.51,0.0,183.92
ORD-1414,1,CUST-0063,PROD-0035,2025-12-25 15:35:00,1,392.23,19.61,29.81
ORD-1414,2,CUST-0063,PROD-0045,2025-12-25 15:35:00,3,127.27,38.18,27.49
ORD-1414,3,CUST-0063,PROD-0032,2025-12-25 15:35:00,2,677.2,203.16,92.1
ORD-1415,1,CUST-0036,PROD-0034,2025-09-06 16:10:00,1,290.28,43.54,19.74
ORD-1416,1,CUST-0038,PROD-0001,2024-09-27 16:23:00,3,774.52,116.18,176.59
ORD-1416,2,CUST-0038,PROD-0041,2024-09-27 16:23:00,1,682.41,68.24,49.13
ORD-1416,3,CUST-0038,PROD-0033,2024-09-27 16:23:00,3,1014.57,152.19,231.32
ORD-1416,4,CUST-0038,PROD-0025,2024-09-27 16:23:00,2,770.11,0.0,123.22
ORD-1417,1,CUST-0085,PROD-0036,2025-07-06 14:12:00,2,268.96,80.69,36.58
ORD-1417,2,CUST-0085,PROD-0010,2025-07-06 14:12:00,3,975.13,292.54,210.63
ORD-1417,3,CUST-0085,PROD-0040,2025-07-06 14:12:00,1,332.56,0.0,26.6
ORD-1417,4,CUST-0085,PROD-0019,2025-07-06 14:12:00,3,998.7,0.0,239.69
ORD-1418,1,CUST-0006,PROD-0013,2024-05-13 10:55:00,1,1149.51,172.43,78.17
ORD-1419,1,CUST-0025,PROD-0043,2024-04-12 08:36:00,3,491.29,147.39,106.12
ORD-1419,2,CUST-0025,PROD-0032,2024-04-12 08:36:00,1,677.2,67.72,48.76
ORD-1419,3,CUST-0025,PROD-0034,2024-04-12 08:36:00,1,290.28,0.0,23.22
ORD-1419,4,CUST-0025,PROD-0040,2024-04-12 08:36:00,1,332.56,16.63,25.27
ORD-1420,1,CUST-0084,PROD-0024,2025-05-19 09:29:00,3,139.18,62.63,28.39
ORD-1421,1,CUST-0048,PROD-0034,2025-12-27 08:52:00,1,290.28,29.03,20.9
ORD-1421,2,CUST-0048,PROD-0003,2025-12-27 08:52:00,1,889.04,44.45,67.57
ORD-1421,3,CUST-0048,PROD-0047,2025-12-27 08:52:00,3,954.65,0.0,229.12
ORD-1422,1,CUST-0013,PROD-0013,2024-08-25 16:24:00,3,1149.51,172.43,262.09
ORD-1422,2,CUST-0013,PROD-0034,2024-08-25 16:24:00,3,290.28,43.54,66.18
ORD-1423,1,CUST-0072,PROD-0041,2025-07-26 14:47:00,3,682.41,204.72,147.4
ORD-1424,1,CUST-0087,PROD-0007,2025-04-15 19:42:00,2,51.31,10.26,7.39
ORD-1424,2,CUST-0087,PROD-0011,2025-04-15 19:42:00,3,970.87,145.63,221.36
ORD-1424,3,CUST-0087,PROD-0012,2025-04-15 19:42:00,3,421.5,189.67,85.99
ORD-1424,4,CUST-0087,PROD-0036,2025-04-15 19:42:00,2,268.96,53.79,38.73
ORD-1425,1,CUST-0071,PROD-0047,2024-11-29 13:26:00,3,954.65,143.2,217.66
ORD-1425,2,CUST-0071,PROD-0021,2024-11-29 13:26:00,2,851.39,170.28,122.6
ORD-1425,3,CUST-0071,PROD-0039,2024-11-29 13:26:00,2,1099.17,329.75,149.49
ORD-1425,4,CUST-0071,PROD-0016,2024-11-29 13:26:00,2,972.41,291.72,132.25
ORD-1426,1,CUST-0001,PROD-0034,2024-02-06 12:38:00,1,290.28,29.03,20.9
ORD-1427,1,CUST-0001,PROD-0002,2024-11-04 11:13:00,3,344.53,51.68,78.55
ORD-1427,2,CUST-0001,PROD-0045,2024-11-04 11:13:00,1,127.27,0.0,10.18
ORD-1427,3,CUST-0001,PROD-0018,2024-11-04 11:13:00,2,466.67,93.33,67.2
ORD-1428,1,CUST-0020,PROD-0015,2024-05-22 12:23:00,2,1020.04,0.0,163.21
ORD-1428,2,CUST-0020,PROD-0017,2024-05-22 12:23:00,3,652.75,293.74,133.16
ORD-1429,1,CUST-0073,PROD-0031,2024-08-11 19:04:00,3,1187.64,0.0,285.03
ORD-1429,2,CUST-0073,PROD-0012,2024-08-11 19:04:00,3,421.5,126.45,91.04
ORD-1429,3,CUST-0073,PROD-0032,2024-08-11 19:04:00,1,677.2,101.58,46.05
ORD-1430,1,CUST-0011,PROD-0028,2024-02-28 20:21:00,1,784.68,0.0,62.77
ORD-1430,2,CUST-0011,PROD-0027,2024-02-28 20:21:00,3,335.03,150.76,68.35
ORD-1430,3,CUST-0011,PROD-0008,2024-02-28 20:21:00,1,786.86,78.69,56.65
ORD-1431,1,CUST-0068,PROD-0021,2024-02-13 13:34:00,3,851.39,127.71,194.12
ORD-1431,2,CUST-0068,PROD-0033,2024-02-13 13:34:00,1,1014.57,0.0,81.17
ORD-1432,1,CUST-0087,PROD-0015,2025-02-07 15:48:00,2,1020.04,204.01,146.89
ORD-1433,1,CUST-0051,PROD-0031,2024-06-01 10:21:00,3,1187.64,0.0,285.03
ORD-1434,1,CUST-0071,PROD-0033,2025-02-13 12:05:00,1,1014.57,152.19,68.99
ORD-1434,2,CUST-0071,PROD-0028,2025-02-13 12:05:00,3,784.68,117.7,178.91
ORD-1434,3,CUST-0071,PROD-0045,2025-02-13 12:05:00,2,127.27,38.18,17.31
ORD-1434,4,CUST-0071,PROD-0009,2025-02-13 12:05:00,3,280.12,42.02,63.87
ORD-1435,1,CUST-0072,PROD-0016,2025-09-23 19:33:00,2,972.41,291.72,132.25
ORD-1435,2,CUST-0072,PROD-0005,2025-09-23 19:33:00,2,517.87,0.0,82.86
ORD-1436,1,CUST-0015,PROD-0023,2025-11-19 14:27:00,2,114.15,0.0,18.26
ORD-1436,2,CUST-0015,PROD-0013,2025-11-19 14:27:00,2,1149.51,114.95,174.73
ORD-1436,3,CUST-0015,PROD-0021,2025-11-19 14:27:00,2,851.39,255.42,115.79
ORD-1437,1,CUST-0080,PROD-0013,2024-05-30 15:02:00,2,1149.51,114.95,174.73
ORD-1437,2,CUST-0080,PROD-0044,2024-05-30 15:02:00,3,1197.09,0.0,287.3
ORD-1438,1,CUST-0015,PROD-0019,2024-02-26 11:39:00,2,998.7,0.0,159.79
ORD-1438,2,CUST-0015,PROD-0001,2024-02-26 11:39:00,2,774.52,232.36,105.33
ORD-1439,1,CUST-0061,PROD-0014,2024-01-25 13:13:00,3,129.44,38.83,27.96
ORD-1439,2,CUST-0061,PROD-0035,2024-01-25 13:13:00,3,392.23,176.5,80.02
ORD-1440,1,CUST-0080,PROD-0025,2024-05-25 19:44:00,3,770.11,0.0,184.83
ORD-1441,1,CUST-0033,PROD-0045,2024-06-24 08:18:00,2,127.27,0.0,20.36
ORD-1441,2,CUST-0033,PROD-0040,2024-06-24 08:18:00,2,332.56,0.0,53.21
ORD-1442,1,CUST-0009,PROD-0007,2025-02-02 18:17:00,3,51.31,23.09,10.47
ORD-1442,2,CUST-0009,PROD-0002,2025-02-02 18:17:00,1,344.53,51.68,23.43
ORD-1442,3,CUST-0009,PROD-0019,2025-02-02 18:17:00,3,998.7,0.0,239.69
ORD-1443,1,CUST-0041,PROD-0012,2025-05-12 17:34:00,1,421.5,63.22,28.66
ORD-1444,1,CUST-0072,PROD-0034,2025-12-31 08:02:00,2,290.28,87.08,39.48
ORD-1444,2,CUST-0072,PROD-0020,2025-12-31 08:02:00,2,1036.81,103.68,157.6
ORD-1445,1,CUST-0003,PROD-0041,2024-12-22 18:22:00,3,682.41,204.72,147.4
ORD-1445,2,CUST-0003,PROD-0020,2024-12-22 18:22:00,1,1036.81,103.68,74.65
ORD-1445,3,CUST-0003,PROD-0016,2024-12-22 18:22:00,2,972.41,0.0,155.59
ORD-1446,1,CUST-0072,PROD-0026,2024-10-14 11:09:00,1,456.81,68.52,31.06
ORD-1446,2,CUST-0072,PROD-0043,2024-10-14 11:09:00,3,491.29,73.69,112.01
ORD-1446,3,CUST-0072,PROD-0009,2024-10-14 11:09:00,2,280.12,28.01,42.58
ORD-1447,1,CUST-0074,PROD-0029,2024-06-06 14:19:00,1,221.94,11.1,16.87
ORD-1447,2,CUST-0074,PROD-0035,2024-06-06 14:19:00,3,392.23,58.83,89.43
ORD-1447,3,CUST-0074,PROD-0009,2024-06-06 14:19:00,1,280.12,28.01,20.17
ORD-1448,1,CUST-0089,PROD-0028,2025-12-24 16:58:00,3,784.68,117.7,178.91
ORD-1448,2,CUST-0089,PROD-0010,2025-12-24 16:58:00,2,975.13,0.0,156.02
ORD-1449,1,CUST-0072,PROD-0021,2025-06-30 19:07:00,3,851.39,0.0,204.33
ORD-1449,2,CUST-0072,PROD-0010,2025-06-30 19:07:00,2,975.13,292.54,132.62
ORD-1450,1,CUST-0053,PROD-0010,2024-11-07 15:47:00,1,975.13,48.76,74.11
ORD-1450,2,CUST-0053,PROD-0013,2024-11-07 15:47:00,1,1149.51,114.95,82.76
ORD-1450,3,CUST-0053,PROD-0007,2024-11-07 15:47:00,3,51.31,7.7,11.7
ORD-1451,1,CUST-0077,PROD-0023,2024-08-26 11:43:00,1,114.15,17.12,7.76
ORD-1452,1,CUST-0018,PROD-0012,2025-05-30 17:30:00,2,421.5,42.15,64.07
ORD-1452,2,CUST-0018,PROD-0025,2025-05-30 17:30:00,1,770.11,38.51,58.53
ORD-1452,3,CUST-0018,PROD-0032,2025-05-30 17:30:00,1,677.2,0.0,54.18
ORD-1453,1,CUST-0053,PROD-0048,2024-01-17 12:26:00,1,94.96,4.75,7.22
ORD-1453,2,CUST-0053,PROD-0043,2024-01-17 12:26:00,1,491.29,24.56,37.34
ORD-1454,1,CUST-0057,PROD-0030,2025-09-24 15:44:00,2,212.81,0.0,34.05
ORD-1454,2,CUST-0057,PROD-0016,2025-09-24 15:44:00,3,972.41,437.58,198.37
ORD-1454,3,CUST-0057,PROD-0028,2025-09-24 15:44:00,3,784.68,235.4,169.49
ORD-1455,1,CUST-0051,PROD-0034,2025-09-19 19:36:00,1,290.28,43.54,19.74
ORD-1456,1,CUST-0059,PROD-0048,2024-02-14 11:33:00,3,94.96,0.0,22.79
ORD-1456,2,CUST-0059,PROD-0003,2024-02-14 11:33:00,1,889.04,88.9,64.01
ORD-1456,3,CUST-0059,PROD-0036,2024-02-14 11:33:00,2,268.96,80.69,36.58
ORD-1456,4,CUST-0059,PROD-0025,2024-02-14 11:33:00,2,770.11,154.02,110.9
ORD-1457,1,CUST-0060,PROD-0045,2024-06-20 14:18:00,3,127.27,19.09,29.02
ORD-1458,1,CUST-0060,PROD-0012,2025-10-24 15:05:00,3,421.5,63.23,96.1
ORD-1459,1,CUST-0051,PROD-0012,2025-02-28 13:28:00,2,421.5,42.15,64.07
ORD-1460,1,CUST-0059,PROD-0046,2024-04-03 12:20:00,1,149.39,0.0,11.95
ORD-1460,2,CUST-0059,PROD-0047,2024-04-03 12:20:00,1,954.65,143.2,64.92
ORD-1461,1,CUST-0082,PROD-0047,2025-01-07 09:33:00,2,954.65,286.39,129.83
ORD-1461,2,CUST-0082,PROD-0033,2025-01-07 09:33:00,1,1014.57,50.73,77.11
ORD-1461,3,CUST-0082,PROD-0040,2025-01-07 09:33:00,2,332.56,33.26,50.55
ORD-1461,4,CUST-0082,PROD-0011,2025-01-07 09:33:00,1,970.87,48.54,73.79
ORD-1462,1,CUST-0023,PROD-0020,2025-12-31 08:26:00,2,1036.81,103.68,157.6
ORD-1462,2,CUST-0023,PROD-0047,2025-12-31 08:26:00,1,954.65,47.73,72.55
ORD-1462,3,CUST-0023,PROD-0029,2025-12-31 08:26:00,1,221.94,0.0,17.76
ORD-1463,1,CUST-0080,PROD-0032,2024-09-17 08:29:00,2,677.2,67.72,102.93
ORD-1463,2,CUST-0080,PROD-0035,2024-09-17 08:29:00,1,392.23,58.83,26.67
ORD-1463,3,CUST-0080,PROD-0001,2024-09-17 08:29:00,2,774.52,232.36,105.33
ORD-1463,4,CUST-0080,PROD-0039,2024-09-17 08:29:00,2,1099.17,0.0,175.87
ORD-1464,1,CUST-0077,PROD-0040,2025-09-07 08:15:00,1,332.56,0.0,26.6
ORD-1464,2,CUST-0077,PROD-0041,2025-09-07 08:15:00,1,682.41,34.12,51.86
ORD-1464,3,CUST-0077,PROD-0036,2025-09-07 08:15:00,1,268.96,26.9,19.36
ORD-1465,1,CUST-0005,PROD-0022,2024-05-29 08:42:00,1,288.92,43.34,19.65
ORD-1465,2,CUST-0005,PROD-0006,2024-05-29 08:42:00,1,277.99,13.9,21.13
ORD-1465,3,CUST-0005,PROD-0004,2024-05-29 08:42:00,3,1072.77,321.83,231.72
ORD-1466,1,CUST-0079,PROD-0030,2025-11-08 19:44:00,3,212.81,63.84,45.97
ORD-1466,2,CUST-0079,PROD-0048,2025-11-08 19:44:00,1,94.96,0.0,7.6
ORD-1467,1,CUST-0099,PROD-0005,2024-11-03 13:23:00,2,517.87,51.79,78.72
ORD-1467,2,CUST-0099,PROD-0028,2024-11-03 13:23:00,1,784.68,78.47,56.5
ORD-1467,3,CUST-0099,PROD-0036,2024-11-03 13:23:00,2,268.96,80.69,36.58
ORD-1467,4,CUST-0099,PROD-0019,2024-11-03 13:23:00,3,998.7,149.81,227.7
ORD-1468,1,CUST-0090,PROD-0037,2024-08-03 17:03:00,3,1054.11,0.0,252.99
ORD-1469,1,CUST-0062,PROD-0028,2025-12-07 17:59:00,2,784.68,156.94,112.99
ORD-1469,2,CUST-0062,PROD-0039,2025-12-07 17:59:00,1,1099.17,164.88,74.74
ORD-1469,3,CUST-0062,PROD-0021,2025-12-07 17:59:00,3,851.39,383.13,173.68
ORD-1470,1,CUST-0064,PROD-0013,2024-07-04 17:14:00,1,1149.51,172.43,78.17
ORD-1470,2,CUST-0064,PROD-0001,2024-07-04 17:14:00,3,774.52,0.0,185.88
ORD-1470,3,CUST-0064,PROD-0008,2024-07-04 17:14:00,3,786.86,118.03,179.4
ORD-1471,1,CUST-0079,PROD-0023,2025-03-01 14:02:00,1,114.15,0.0,9.13
ORD-1471,2,CUST-0079,PROD-0036,2025-03-01 14:02:00,3,268.96,40.34,61.32
ORD-1471,3,CUST-0079,PROD-0041,2025-03-01 14:02:00,3,682.41,204.72,147.4
ORD-1472,1,CUST-0033,PROD-0001,2024-03-11 12:19:00,2,774.52,154.9,111.53
ORD-1472,2,CUST-0033,PROD-0008,2024-03-11 12:19:00,2,786.86,0.0,125.9
ORD-1472,3,CUST-0033,PROD-0044,2024-03-11 12:19:00,1,1197.09,59.85,90.98
ORD-1473,1,CUST-0043,PROD-0003,2024-12-13 18:30:00,1,889.04,133.36,60.45
ORD-1473,2,CUST-0043,PROD-0042,2024-12-13 18:30:00,3,709.81,212.94,153.32
ORD-1473,3,CUST-0043,PROD-0009,2024-12-13 18:30:00,2,280.12,84.04,38.1
ORD-1473,4,CUST-0043,PROD-0031,2024-12-13 18:30:00,3,1187.64,0.0,285.03
ORD-1474,1,CUST-0067,PROD-0036,2024-11-03 17:46:00,1,268.96,26.9,19.36
ORD-1474,2,CUST-0067,PROD-0035,2024-11-03 17:46:00,2,392.23,0.0,62.76
ORD-1474,3,CUST-0067,PROD-0002,2024-11-03 17:46:00,1,344.53,34.45,24.81
ORD-1475,1,CUST-0004,PROD-0037,2024-12-14 14:40:00,2,1054.11,105.41,160.22
ORD-1475,2,CUST-0004,PROD-0039,2024-12-14 14:40:00,3,1099.17,0.0,263.8
ORD-1476,1,CUST-0097,PROD-0046,2024-11-12 19:54:00,2,149.39,0.0,23.9
ORD-1476,2,CUST-0097,PROD-0003,2024-11-12 19:54:00,2,889.04,88.9,135.13
ORD-1476,3,CUST-0097,PROD-0018,2024-11-12 19:54:00,2,466.67,140.0,63.47
ORD-1477,1,CUST-0039,PROD-0008,2024-08-10 16:19:00,1,786.86,39.34,59.8
ORD-1477,2,CUST-0039,PROD-0024,2024-08-10 16:19:00,1,139.18,20.88,9.46
ORD-1478,1,CUST-0065,PROD-0013,2024-01-27 20:30:00,2,1149.51,229.9,165.53
ORD-1478,2,CUST-0065,PROD-0022,2024-01-27 20:30:00,2,288.92,28.89,43.92
ORD-1479,1,CUST-0099,PROD-0014,2024-04-11 16:43:00,1,129.44,19.42,8.8
ORD-1479,2,CUST-0099,PROD-0047,2024-04-11 16:43:00,2,954.65,0.0,152.74
ORD-1480,1,CUST-0001,PROD-0022,2024-11-15 08:43:00,2,288.92,0.0,46.23
ORD-1481,1,CUST-0014,PROD-0002,2025-06-18 20:42:00,3,344.53,51.68,78.55
ORD-1481,2,CUST-0014,PROD-0037,2025-06-18 20:42:00,2,1054.11,105.41,160.22
ORD-1481,3,CUST-0014,PROD-0020,2025-06-18 20:42:00,1,1036.81,103.68,74.65
ORD-1482,1,CUST-0036,PROD-0043,2025-06-30 13:49:00,1,491.29,49.13,35.37
ORD-1482,2,CUST-0036,PROD-0008,2025-06-30 13:49:00,1,786.86,0.0,62.95
ORD-1482,3,CUST-0036,PROD-0018,2025-06-30 13:49:00,3,466.67,0.0,112.0
ORD-1482,4,CUST-0036,PROD-0010,2025-06-30 13:49:00,1,975.13,97.51,70.21
ORD-1483,1,CUST-0071,PROD-0037,2024-11-23 12:09:00,1,1054.11,105.41,75.9
ORD-1483,2,CUST-0071,PROD-0016,2024-11-23 12:09:00,3,972.41,291.72,210.04
ORD-1483,3,CUST-0071,PROD-0011,2024-11-23 12:09:00,3,970.87,436.89,198.06
ORD-1484,1,CUST-0007,PROD-0007,2024-05-14 08:30:00,2,51.31,0.0,8.21
ORD-1485,1,CUST-0012,PROD-0040,2025-03-13 14:11:00,1,332.56,0.0,26.6
ORD-1485,2,CUST-0012,PROD-0023,2025-03-13 14:11:00,2,114.15,11.42,17.35
ORD-1485,3,CUST-0012,PROD-0020,2025-03-13 14:11:00,1,1036.81,155.52,70.5
ORD-1485,4,CUST-0012,PROD-0022,2025-03-13 14:11:00,1,288.92,43.34,19.65
ORD-1486,1,CUST-0040,PROD-0031,2025-12-02 18:45:00,2,1187.64,237.53,171.02
ORD-1486,2,CUST-0040,PROD-0015,2025-12-02 18:45:00,2,1020.04,102.0,155.05
ORD-1486,3,CUST-0040,PROD-0010,2025-12-02 18:45:00,3,975.13,292.54,210.63
ORD-1486,4,CUST-0040,PROD-0040,2025-12-02 18:45:00,2,332.56,99.77,45.23
ORD-1487,1,CUST-0063,PROD-0023,2024-02-01 09:30:00,2,114.15,34.24,15.52
ORD-1488,1,CUST-0022,PROD-0033,2024-10-17 20:22:00,2,1014.57,0.0,162.33
ORD-1488,2,CUST-0022,PROD-0007,2024-10-17 20:22:00,2,51.31,0.0,8.21
ORD-1489,1,CUST-0039,PROD-0016,2025-06-30 15:25:00,2,972.41,291.72,132.25
ORD-1489,2,CUST-0039,PROD-0040,2025-06-30 15:25:00,1,332.56,33.26,23.94
ORD-1489,3,CUST-0039,PROD-0036,2025-06-30 15:25:00,1,268.96,40.34,18.29
ORD-1489,4,CUST-0039,PROD-0011,2025-06-30 15:25:00,2,970.87,194.17,139.81
ORD-1490,1,CUST-0070,PROD-0048,2025-12-12 11:11:00,3,94.96,42.73,19.37
ORD-1491,1,CUST-0015,PROD-0036,2025-08-30 17:29:00,1,268.96,26.9,19.36
ORD-1491,2,CUST-0015,PROD-0007,2025-08-30 17:29:00,2,51.31,0.0,8.21
ORD-1491,3,CUST-0015,PROD-0029,2025-08-30 17:29:00,3,221.94,0.0,53.27
ORD-1492,1,CUST-0088,PROD-0021,2025-09-03 20:52:00,1,851.39,0.0,68.11
ORD-1492,2,CUST-0088,PROD-0032,2025-09-03 20:52:00,1,677.2,33.86,51.47
ORD-1492,3,CUST-0088,PROD-0042,2025-09-03 20:52:00,3,709.81,0.0,170.35
ORD-1492,4,CUST-0088,PROD-0043,2025-09-03 20:52:00,1,491.29,24.56,37.34
ORD-1493,1,CUST-0058,PROD-0013,2025-06-29 12:24:00,2,1149.51,229.9,165.53
ORD-1493,2,CUST-0058,PROD-0014,2025-06-29 12:24:00,2,129.44,25.89,18.64
ORD-1493,3,CUST-0058,PROD-0044,2025-06-29 12:24:00,1,1197.09,0.0,95.77
ORD-1493,4,CUST-0058,PROD-0021,2025-06-29 12:24:00,3,851.39,383.13,173.68
ORD-1494,1,CUST-0017,PROD-0001,2024-10-29 08:23:00,3,774.52,232.36,167.3
ORD-1495,1,CUST-0015,PROD-0045,2024-10-16 08:15:00,2,127.27,38.18,17.31
ORD-1495,2,CUST-0015,PROD-0038,2024-10-16 08:15:00,2,793.42,238.03,107.9
ORD-1495,3,CUST-0015,PROD-0026,2024-10-16 08:15:00,2,456.81,45.68,69.44
ORD-1495,4,CUST-0015,PROD-0041,2024-10-16 08:15:00,3,682.41,102.36,155.59
ORD-1496,1,CUST-0061,PROD-0024,2024-05-23 11:35:00,3,139.18,20.88,31.73
ORD-1496,2,CUST-0061,PROD-0027,2024-05-23 11:35:00,1,335.03,0.0,26.8
ORD-1496,3,CUST-0061,PROD-0010,2024-05-23 11:35:00,1,975.13,0.0,78.01
ORD-1496,4,CUST-0061,PROD-0019,2024-05-23 11:35:00,1,998.7,149.81,67.91
ORD-1497,1,CUST-0085,PROD-0042,2025-03-24 10:05:00,2,709.81,212.94,96.53
ORD-1497,2,CUST-0085,PROD-0027,2025-03-24 10:05:00,3,335.03,50.25,76.39
ORD-1498,1,CUST-0059,PROD-0025,2025-06-06 14:35:00,2,770.11,0.0,123.22
ORD-1498,2,CUST-0059,PROD-0023,2025-06-06 14:35:00,3,114.15,51.37,23.29
ORD-1498,3,CUST-0059,PROD-0015,2025-06-06 14:35:00,3,1020.04,153.01,232.57
ORD-1498,4,CUST-0059,PROD-0012,2025-06-06 14:35:00,3,421.5,126.45,91.04
ORD-1499,1,CUST-0053,PROD-0003,2025-07-14 17:23:00,3,889.04,400.07,181.36
ORD-1500,1,CUST-0091,PROD-0045,2025-01-13 09:37:00,3,127.27,38.18,27.49
ORD-1500,2,CUST-0091,PROD-0006,2025-01-13 09:37:00,2,277.99,0.0,44.48
ORD-1500,3,CUST-0091,PROD-0010,2025-01-13 09:37:00,3,975.13,0.0,234.03
ORD-1500,4,CUST-0091,PROD-0047,2025-01-13 09:37:00,1,954.65,143.2,64.92
ORD-1501,1,CUST-0081,PROD-0040,2025-11-11 18:04:00,3,332.56,0.0,79.81
ORD-1501,2,CUST-0081,PROD-0004,2025-11-11 18:04:00,2,1072.77,321.83,145.9
ORD-1501,3,CUST-0081,PROD-0022,2025-11-11 18:04:00,3,288.92,130.01,58.94
ORD-1502,1,CUST-0074,PROD-0019,2024-12-06 14:22:00,3,998.7,299.61,215.72
ORD-1502,2,CUST-0074,PROD-0011,2024-12-06 14:22:00,3,970.87,291.26,209.71
ORD-1502,3,CUST-0074,PROD-0003,2024-12-06 14:22:00,1,889.04,133.36,60.45
ORD-1503,1,CUST-0075,PROD-0048,2024-06-23 17:03:00,2,94.96,28.49,12.91
ORD-1503,2,CUST-0075,PROD-0040,2024-06-23 17:03:00,1,332.56,16.63,25.27
ORD-1503,3,CUST-0075,PROD-0002,2024-06-23 17:03:00,3,344.53,0.0,82.69
ORD-1504,1,CUST-0036,PROD-0018,2024-09-16 10:39:00,3,466.67,0.0,112.0
ORD-1504,2,CUST-0036,PROD-0017,2024-09-16 10:39:00,3,652.75,97.91,148.83
ORD-1504,3,CUST-0036,PROD-0001,2024-09-16 10:39:00,3,774.52,116.18,176.59
ORD-1505,1,CUST-0085,PROD-0017,2025-04-03 13:51:00,1,652.75,97.91,44.39
ORD-1505,2,CUST-0085,PROD-0045,2025-04-03 13:51:00,1,127.27,0.0,10.18
ORD-1506,1,CUST-0044,PROD-0032,2024-03-28 10:38:00,2,677.2,67.72,102.93
ORD-1506,2,CUST-0044,PROD-0027,2024-03-28 10:38:00,3,335.03,150.76,68.35
ORD-1507,1,CUST-0093,PROD-0004,2025-10-15 10:13:00,1,1072.77,0.0,85.82
ORD-1507,2,CUST-0093,PROD-0042,2025-10-15 10:13:00,1,709.81,106.47,48.27
ORD-1507,3,CUST-0093,PROD-0017,2025-10-15 10:13:00,2,652.75,195.82,88.77
ORD-1508,1,CUST-0039,PROD-0025,2025-05-03 19:48:00,3,770.11,346.55,157.1
ORD-1508,2,CUST-0039,PROD-0044,2025-05-03 19:48:00,2,1197.09,239.42,172.38
ORD-1509,1,CUST-0019,PROD-0029,2025-06-28 14:00:00,2,221.94,0.0,35.51
ORD-1509,2,CUST-0019,PROD-0025,2025-06-28 14:00:00,1,770.11,77.01,55.45
ORD-1509,3,CUST-0019,PROD-0044,2025-06-28 14:00:00,2,1197.09,239.42,172.38
ORD-1510,1,CUST-0043,PROD-0017,2024-10-04 12:51:00,3,652.75,293.74,133.16
ORD-1511,1,CUST-0060,PROD-0034,2025-11-23 19:15:00,3,290.28,43.54,66.18
ORD-1511,2,CUST-0060,PROD-0022,2025-11-23 19:15:00,2,288.92,0.0,46.23
ORD-1512,1,CUST-0087,PROD-0007,2024-01-10 09:00:00,2,51.31,5.13,7.8
ORD-1512,2,CUST-0087,PROD-0034,2024-01-10 09:00:00,3,290.28,87.08,62.7
ORD-1512,3,CUST-0087,PROD-0044,2024-01-10 09:00:00,2,1197.09,119.71,181.96
ORD-1512,4,CUST-0087,PROD-0029,2024-01-10 09:00:00,1,221.94,0.0,17.76
ORD-1513,1,CUST-0080,PROD-0039,2024-04-05 08:38:00,1,1099.17,0.0,87.93
ORD-1513,2,CUST-0080,PROD-0041,2024-04-05 08:38:00,1,682.41,34.12,51.86
ORD-1514,1,CUST-0049,PROD-0008,2025-11-04 20:57:00,1,786.86,78.69,56.65
ORD-1514,2,CUST-0049,PROD-0045,2025-11-04 20:57:00,2,127.27,38.18,17.31
ORD-1515,1,CUST-0085,PROD-0028,2024-03-19 18:29:00,2,784.68,156.94,112.99
ORD-1515,2,CUST-0085,PROD-0045,2024-03-19 18:29:00,1,127.27,0.0,10.18
ORD-1515,3,CUST-0085,PROD-0043,2024-03-19 18:29:00,2,491.29,0.0,78.61
ORD-1516,1,CUST-0049,PROD-0017,2025-02-02 13:03:00,1,652.75,97.91,44.39
ORD-1516,2,CUST-0049,PROD-0012,2025-02-02 13:03:00,1,421.5,63.22,28.66
ORD-1516,3,CUST-0049,PROD-0029,2025-02-02 13:03:00,1,221.94,33.29,15.09
ORD-1517,1,CUST-0014,PROD-0014,2024-05-28 16:49:00,2,129.44,25.89,18.64
ORD-1517,2,CUST-0014,PROD-0040,2024-05-28 16:49:00,1,332.56,0.0,26.6
ORD-1517,3,CUST-0014,PROD-0042,2024-05-28 16:49:00,1,709.81,0.0,56.78
ORD-1517,4,CUST-0014,PROD-0007,2024-05-28 16:49:00,3,51.31,15.39,11.08
ORD-1518,1,CUST-0100,PROD-0010,2025-04-02 08:57:00,1,975.13,146.27,66.31
ORD-1518,2,CUST-0100,PROD-0042,2025-04-02 08:57:00,2,709.81,70.98,107.89
ORD-1518,3,CUST-0100,PROD-0041,2025-04-02 08:57:00,3,682.41,204.72,147.4
ORD-1518,4,CUST-0100,PROD-0001,2025-04-02 08:57:00,2,774.52,0.0,123.92
ORD-1519,1,CUST-0066,PROD-0028,2025-12-26 20:31:00,3,784.68,117.7,178.91
ORD-1519,2,CUST-0066,PROD-0026,2025-12-26 20:31:00,1,456.81,68.52,31.06
ORD-1519,3,CUST-0066,PROD-0047,2025-12-26 20:31:00,3,954.65,429.59,194.75
ORD-1519,4,CUST-0066,PROD-0005,2025-12-26 20:31:00,1,517.87,51.79,37.29
ORD-1520,1,CUST-0043,PROD-0041,2025-11-30 12:25:00,3,682.41,0.0,163.78
ORD-1521,1,CUST-0047,PROD-0019,2025-07-02 13:05:00,3,998.7,0.0,239.69
ORD-1521,2,CUST-0047,PROD-0042,2025-07-02 13:05:00,2,709.81,70.98,107.89
ORD-1521,3,CUST-0047,PROD-0013,2025-07-02 13:05:00,2,1149.51,344.85,156.33
ORD-1521,4,CUST-0047,PROD-0012,2025-07-02 13:05:00,1,421.5,42.15,30.35
ORD-1522,1,CUST-0063,PROD-0009,2024-03-28 18:28:00,1,280.12,0.0,22.41
ORD-1522,2,CUST-0063,PROD-0003,2024-03-28 18:28:00,3,889.04,133.36,202.7
ORD-1523,1,CUST-0063,PROD-0032,2025-02-03 09:50:00,1,677.2,0.0,54.18
ORD-1523,2,CUST-0063,PROD-0035,2025-02-03 09:50:00,2,392.23,0.0,62.76
ORD-1523,3,CUST-0063,PROD-0029,2025-02-03 09:50:00,2,221.94,0.0,35.51
ORD-1524,1,CUST-0052,PROD-0044,2024-05-02 11:51:00,3,1197.09,179.56,272.94
ORD-1524,2,CUST-0052,PROD-0035,2024-05-02 11:51:00,1,392.23,0.0,31.38
ORD-1524,3,CUST-0052,PROD-0010,2024-05-02 11:51:00,3,975.13,146.27,222.33
ORD-1524,4,CUST-0052,PROD-0048,2024-05-02 11:51:00,2,94.96,0.0,15.19
ORD-1525,1,CUST-0061,PROD-0001,2025-09-26 08:15:00,3,774.52,0.0,185.88
ORD-1525,2,CUST-0061,PROD-0012,2025-09-26 08:15:00,2,421.5,0.0,67.44
ORD-1526,1,CUST-0059,PROD-0007,2025-09-18 10:53:00,1,51.31,7.7,3.49
ORD-1527,1,CUST-0077,PROD-0028,2025-09-23 11:04:00,3,784.68,353.11,160.07
ORD-1527,2,CUST-0077,PROD-0022,2025-09-23 11:04:00,2,288.92,0.0,46.23
ORD-1528,1,CUST-0088,PROD-0014,2025-08-13 16:08:00,1,129.44,12.94,9.32
ORD-1528,2,CUST-0088,PROD-0003,2025-08-13 16:08:00,1,889.04,0.0,71.12
ORD-1528,3,CUST-0088,PROD-0038,2025-08-13 16:08:00,2,793.42,79.34,120.6
ORD-1529,1,CUST-0097,PROD-0036,2025-03-02 10:44:00,1,268.96,0.0,21.52
ORD-1529,2,CUST-0097,PROD-0011,2025-03-02 10:44:00,1,970.87,0.0,77.67
ORD-1529,3,CUST-0097,PROD-0029,2025-03-02 10:44:00,3,221.94,99.87,45.28
ORD-1530,1,CUST-0100,PROD-0006,2024-06-11 08:56:00,3,277.99,83.4,60.05
ORD-1530,2,CUST-0100,PROD-0001,2024-06-11 08:56:00,2,774.52,232.36,105.33
ORD-1530,3,CUST-0100,PROD-0012,2024-06-11 08:56:00,3,421.5,63.23,96.1
ORD-1530,4,CUST-0100,PROD-0046,2024-06-11 08:56:00,1,149.39,7.47,11.35
ORD-1531,1,CUST-0082,PROD-0016,2024-10-05 16:28:00,1,972.41,48.62,73.9
ORD-1531,2,CUST-0082,PROD-0012,2024-10-05 16:28:00,3,421.5,189.67,85.99
ORD-1531,3,CUST-0082,PROD-0040,2024-10-05 16:28:00,3,332.56,0.0,79.81
ORD-1531,4,CUST-0082,PROD-0045,2024-10-05 16:28:00,3,127.27,38.18,27.49
ORD-1532,1,CUST-0045,PROD-0013,2025-03-05 08:35:00,3,1149.51,0.0,275.88
ORD-1532,2,CUST-0045,PROD-0008,2025-03-05 08:35:00,3,786.86,236.06,169.96
ORD-1533,1,CUST-0098,PROD-0041,2025-07-07 16:14:00,1,682.41,34.12,51.86
ORD-1533,2,CUST-0098,PROD-0043,2025-07-07 16:14:00,1,491.29,24.56,37.34
ORD-1533,3,CUST-0098,PROD-0014,2025-07-07 16:14:00,3,129.44,58.25,26.41
ORD-1533,4,CUST-0098,PROD-0018,2025-07-07 16:14:00,2,466.67,46.67,70.93
ORD-1534,1,CUST-0021,PROD-0019,2025-11-18 08:03:00,2,998.7,199.74,143.81
ORD-1534,2,CUST-0021,PROD-0014,2025-11-18 08:03:00,3,129.44,58.25,26.41
ORD-1534,3,CUST-0021,PROD-0028,2025-11-18 08:03:00,1,784.68,0.0,62.77
ORD-1535,1,CUST-0095,PROD-0002,2024-02-24 16:11:00,3,344.53,0.0,82.69
ORD-1535,2,CUST-0095,PROD-0032,2024-02-24 16:11:00,1,677.2,33.86,51.47
ORD-1536,1,CUST-0093,PROD-0027,2025-04-01 17:37:00,3,335.03,100.51,72.37
ORD-1536,2,CUST-0093,PROD-0013,2025-04-01 17:37:00,1,1149.51,0.0,91.96
ORD-1536,3,CUST-0093,PROD-0048,2025-04-01 17:37:00,2,94.96,9.5,14.43
ORD-1537,1,CUST-0013,PROD-0025,2024-08-31 19:26:00,1,770.11,115.52,52.37
ORD-1537,2,CUST-0013,PROD-0015,2024-08-31 19:26:00,3,1020.04,459.02,208.09
ORD-1538,1,CUST-0007,PROD-0012,2025-03-23 10:13:00,2,421.5,42.15,64.07
ORD-1538,2,CUST-0007,PROD-0025,2025-03-23 10:13:00,3,770.11,231.03,166.34
ORD-1538,3,CUST-0007,PROD-0024,2025-03-23 10:13:00,2,139.18,13.92,21.16
ORD-1538,4,CUST-0007,PROD-0009,2025-03-23 10:13:00,2,280.12,28.01,42.58
ORD-1539,1,CUST-0005,PROD-0009,2025-12-10 17:03:00,2,280.12,84.04,38.1
ORD-1539,2,CUST-0005,PROD-0008,2025-12-10 17:03:00,1,786.86,78.69,56.65
ORD-1539,3,CUST-0005,PROD-0030,2025-12-10 17:03:00,1,212.81,21.28,15.32
ORD-1540,1,CUST-0078,PROD-0037,2024-06-10 20:50:00,1,1054.11,0.0,84.33
ORD-1540,2,CUST-0078,PROD-0036,2024-06-10 20:50:00,2,268.96,80.69,36.58
ORD-1541,1,CUST-0028,PROD-0018,2025-08-29 15:53:00,3,466.67,70.0,106.4
ORD-1541,2,CUST-0028,PROD-0001,2025-08-29 15:53:00,1,774.52,77.45,55.77
ORD-1541,3,CUST-0028,PROD-0047,2025-08-29 15:53:00,2,954.65,95.47,145.11
ORD-1541,4,CUST-0028,PROD-0028,2025-08-29 15:53:00,3,784.68,117.7,178.91
ORD-1542,1,CUST-0074,PROD-0031,2024-01-07 14:02:00,3,1187.64,0.0,285.03
ORD-1543,1,CUST-0055,PROD-0029,2025-06-28 14:30:00,2,221.94,22.19,33.74
ORD-1544,1,CUST-0011,PROD-0014,2025-07-26 20:00:00,1,129.44,0.0,10.36
ORD-1544,2,CUST-0011,PROD-0009,2025-07-26 20:00:00,1,280.12,42.02,19.05
ORD-1544,3,CUST-0011,PROD-0023,2025-07-26 20:00:00,3,114.15,34.25,24.66
ORD-1544,4,CUST-0011,PROD-0019,2025-07-26 20:00:00,1,998.7,149.81,67.91
ORD-1545,1,CUST-0074,PROD-0009,2025-08-21 08:29:00,2,280.12,84.04,38.1
ORD-1545,2,CUST-0074,PROD-0046,2025-08-21 08:29:00,3,149.39,0.0,35.85
ORD-1545,3,CUST-0074,PROD-0026,2025-08-21 08:29:00,3,456.81,0.0,109.63
ORD-1545,4,CUST-0074,PROD-0012,2025-08-21 08:29:00,2,421.5,84.3,60.7
ORD-1546,1,CUST-0068,PROD-0045,2024-02-04 12:27:00,3,127.27,19.09,29.02
ORD-1546,2,CUST-0068,PROD-0040,2024-02-04 12:27:00,3,332.56,0.0,79.81
ORD-1546,3,CUST-0068,PROD-0035,2024-02-04 12:27:00,3,392.23,117.67,84.72
ORD-1547,1,CUST-0095,PROD-0004,2024-02-27 16:58:00,2,1072.77,321.83,145.9
ORD-1547,2,CUST-0095,PROD-0008,2024-02-27 16:58:00,3,786.86,0.0,188.85
ORD-1547,3,CUST-0095,PROD-0025,2024-02-27 16:58:00,2,770.11,154.02,110.9
ORD-1548,1,CUST-0023,PROD-0036,2025-10-26 16:45:00,3,268.96,40.34,61.32
ORD-1549,1,CUST-0018,PROD-0042,2024-12-09 11:34:00,2,709.81,70.98,107.89
ORD-1550,1,CUST-0097,PROD-0033,2024-08-19 13:22:00,2,1014.57,0.0,162.33
ORD-1550,2,CUST-0097,PROD-0044,2024-08-19 13:22:00,1,1197.09,119.71,86.19
ORD-1550,3,CUST-0097,PROD-0028,2024-08-19 13:22:00,2,784.68,235.4,106.72
ORD-1551,1,CUST-0063,PROD-0031,2025-05-29 16:53:00,3,1187.64,356.29,256.53
ORD-1552,1,CUST-0058,PROD-0013,2025-09-28 13:51:00,2,1149.51,0.0,183.92
ORD-1553,1,CUST-0011,PROD-0007,2025-02-05 10:18:00,1,51.31,5.13,3.69
ORD-1554,1,CUST-0015,PROD-0014,2025-12-15 10:31:00,3,129.44,0.0,31.07
ORD-1554,2,CUST-0015,PROD-0034,2025-12-15 10:31:00,2,290.28,87.08,39.48
ORD-1555,1,CUST-0088,PROD-0027,2025-07-09 10:30:00,3,335.03,0.0,80.41
ORD-1555,2,CUST-0088,PROD-0029,2025-07-09 10:30:00,2,221.94,22.19,33.74
ORD-1555,3,CUST-0088,PROD-0048,2025-07-09 10:30:00,1,94.96,0.0,7.6
ORD-1556,1,CUST-0030,PROD-0038,2025-06-17 18:21:00,2,793.42,238.03,107.9
ORD-1556,2,CUST-0030,PROD-0022,2025-06-17 18:21:00,2,288.92,57.78,41.6
ORD-1556,3,CUST-0030,PROD-0042,2025-06-17 18:21:00,3,709.81,106.47,161.84
ORD-1556,4,CUST-0030,PROD-0021,2025-06-17 18:21:00,2,851.39,85.14,129.41
ORD-1557,1,CUST-0034,PROD-0004,2024-08-21 15:23:00,2,1072.77,321.83,145.9
ORD-1557,2,CUST-0034,PROD-0010,2024-08-21 15:23:00,1,975.13,48.76,74.11
ORD-1557,3,CUST-0034,PROD-0023,2024-08-21 15:23:00,3,114.15,34.25,24.66
ORD-1558,1,CUST-0024,PROD-0011,2024-06-29 19:44:00,1,970.87,0.0,77.67
ORD-1558,2,CUST-0024,PROD-0016,2024-06-29 19:44:00,2,972.41,97.24,147.81
ORD-1559,1,CUST-0057,PROD-0036,2024-09-24 13:11:00,1,268.96,26.9,19.36
ORD-1559,2,CUST-0057,PROD-0046,2024-09-24 13:11:00,2,149.39,14.94,22.71
ORD-1560,1,CUST-0048,PROD-0008,2025-04-05 16:10:00,2,786.86,78.69,119.6
ORD-1560,2,CUST-0048,PROD-0002,2025-04-05 16:10:00,2,344.53,68.91,49.61
ORD-1560,3,CUST-0048,PROD-0026,2025-04-05 16:10:00,1,456.81,0.0,36.54
ORD-1561,1,CUST-0095,PROD-0031,2025-07-14 16:21:00,3,1187.64,178.15,270.78
ORD-1561,2,CUST-0095,PROD-0019,2025-07-14 16:21:00,3,998.7,449.42,203.73
ORD-1561,3,CUST-0095,PROD-0037,2025-07-14 16:21:00,2,1054.11,0.0,168.66
ORD-1562,1,CUST-0094,PROD-0020,2025-05-06 08:08:00,1,1036.81,155.52,70.5
ORD-1563,1,CUST-0080,PROD-0021,2024-08-14 15:22:00,1,851.39,42.57,64.71
ORD-1564,1,CUST-0075,PROD-0013,2025-06-24 11:50:00,3,1149.51,517.28,234.5
ORD-1564,2,CUST-0075,PROD-0002,2025-06-24 11:50:00,3,344.53,0.0,82.69
ORD-1564,3,CUST-0075,PROD-0006,2025-06-24 11:50:00,3,277.99,125.1,56.71
ORD-1565,1,CUST-0025,PROD-0043,2025-05-18 13:38:00,2,491.29,147.39,66.82
ORD-1566,1,CUST-0019,PROD-0001,2025-03-14 13:24:00,2,774.52,154.9,111.53
ORD-1566,2,CUST-0019,PROD-0019,2025-03-14 13:24:00,2,998.7,0.0,159.79
ORD-1566,3,CUST-0019,PROD-0023,2025-03-14 13:24:00,1,114.15,17.12,7.76
ORD-1567,1,CUST-0095,PROD-0011,2025-03-02 20:28:00,3,970.87,436.89,198.06
ORD-1567,2,CUST-0095,PROD-0047,2025-03-02 20:28:00,1,954.65,0.0,76.37
ORD-1567,3,CUST-0095,PROD-0028,2025-03-02 20:28:00,1,784.68,39.23,59.64
ORD-1568,1,CUST-0039,PROD-0038,2025-05-02 16:21:00,2,793.42,0.0,126.95
ORD-1569,1,CUST-0001,PROD-0027,2025-02-24 18:58:00,2,335.03,33.5,50.92
ORD-1569,2,CUST-0001,PROD-0012,2025-02-24 18:58:00,1,421.5,21.08,32.03
ORD-1569,3,CUST-0001,PROD-0036,2025-02-24 18:58:00,2,268.96,53.79,38.73
ORD-1570,1,CUST-0071,PROD-0038,2025-05-18 08:52:00,3,793.42,357.04,161.86
ORD-1570,2,CUST-0071,PROD-0020,2025-05-18 08:52:00,1,1036.81,0.0,82.94
ORD-1570,3,CUST-0071,PROD-0032,2025-05-18 08:52:00,1,677.2,33.86,51.47
ORD-1571,1,CUST-0034,PROD-0008,2024-11-04 18:53:00,2,786.86,78.69,119.6
ORD-1571,2,CUST-0034,PROD-0042,2024-11-04 18:53:00,2,709.81,70.98,107.89
ORD-1571,3,CUST-0034,PROD-0043,2024-11-04 18:53:00,1,491.29,0.0,39.3
ORD-1571,4,CUST-0034,PROD-0019,2024-11-04 18:53:00,2,998.7,299.61,135.82
ORD-1572,1,CUST-0009,PROD-0037,2025-09-06 19:23:00,3,1054.11,474.35,215.04
ORD-1572,2,CUST-0009,PROD-0028,2025-09-06 19:23:00,3,784.68,0.0,188.32
ORD-1572,3,CUST-0009,PROD-0017,2025-09-06 19:23:00,2,652.75,0.0,104.44
ORD-1572,4,CUST-0009,PROD-0041,2025-09-06 19:23:00,2,682.41,68.24,103.73
ORD-1573,1,CUST-0075,PROD-0045,2024-03-01 10:20:00,1,127.27,12.73,9.16
ORD-1573,2,CUST-0075,PROD-0009,2024-03-01 10:20:00,2,280.12,84.04,38.1
ORD-1573,3,CUST-0075,PROD-0023,2024-03-01 10:20:00,3,114.15,34.25,24.66
ORD-1573,4,CUST-0075,PROD-0011,2024-03-01 10:20:00,1,970.87,97.09,69.9
ORD-1574,1,CUST-0038,PROD-0033,2025-06-27 18:59:00,1,1014.57,50.73,77.11
ORD-1575,1,CUST-0098,PROD-0035,2024-04-07 17:48:00,2,392.23,78.45,56.48
ORD-1575,2,CUST-0098,PROD-0021,2024-04-07 17:48:00,2,851.39,170.28,122.6
ORD-1576,1,CUST-0013,PROD-0001,2025-07-02 17:22:00,3,774.52,232.36,167.3
ORD-1576,2,CUST-0013,PROD-0009,2025-07-02 17:22:00,2,280.12,84.04,38.1
ORD-1577,1,CUST-0053,PROD-0010,2024-12-15 10:06:00,1,975.13,48.76,74.11
ORD-1577,2,CUST-0053,PROD-0033,2024-12-15 10:06:00,3,1014.57,0.0,243.5
ORD-1578,1,CUST-0054,PROD-0002,2025-04-17 09:07:00,2,344.53,68.91,49.61
ORD-1578,2,CUST-0054,PROD-0031,2025-04-17 09:07:00,3,1187.64,356.29,256.53
ORD-1579,1,CUST-0018,PROD-0012,2025-03-29 17:33:00,1,421.5,0.0,33.72
ORD-1579,2,CUST-0018,PROD-0046,2025-03-29 17:33:00,1,149.39,7.47,11.35
ORD-1579,3,CUST-0018,PROD-0020,2025-03-29 17:33:00,3,1036.81,155.52,236.39
ORD-1580,1,CUST-0089,PROD-0009,2024-08-21 12:08:00,2,280.12,0.0,44.82
ORD-1580,2,CUST-0089,PROD-0006,2024-08-21 12:08:00,1,277.99,0.0,22.24
ORD-1581,1,CUST-0100,PROD-0013,2025-05-11 20:27:00,1,1149.51,0.0,91.96
ORD-1582,1,CUST-0085,PROD-0008,2025-06-10 17:03:00,2,786.86,0.0,125.9
ORD-1582,2,CUST-0085,PROD-0017,2025-06-10 17:03:00,1,652.75,0.0,52.22
ORD-1582,3,CUST-0085,PROD-0003,2025-06-10 17:03:00,3,889.04,133.36,202.7
ORD-1582,4,CUST-0085,PROD-0005,2025-06-10 17:03:00,3,517.87,77.68,118.07
ORD-1583,1,CUST-0024,PROD-0010,2025-11-18 13:01:00,3,975.13,292.54,210.63
ORD-1584,1,CUST-0075,PROD-0033,2024-12-23 13:10:00,1,1014.57,0.0,81.17
ORD-1584,2,CUST-0075,PROD-0037,2024-12-23 13:10:00,3,1054.11,0.0,252.99
ORD-1585,1,CUST-0068,PROD-0011,2024-08-11 19:12:00,3,970.87,0.0,233.01
ORD-1585,2,CUST-0068,PROD-0035,2024-08-11 19:12:00,1,392.23,58.83,26.67
ORD-1585,3,CUST-0068,PROD-0001,2024-08-11 19:12:00,2,774.52,77.45,117.73
ORD-1586,1,CUST-0057,PROD-0025,2025-11-21 09:11:00,3,770.11,115.52,175.58
ORD-1586,2,CUST-0057,PROD-0028,2025-11-21 09:11:00,2,784.68,0.0,125.55
ORD-1586,3,CUST-0057,PROD-0014,2025-11-21 09:11:00,2,129.44,0.0,20.71
ORD-1587,1,CUST-0060,PROD-0024,2024-04-23 16:08:00,3,139.18,0.0,33.4
ORD-1587,2,CUST-0060,PROD-0046,2024-04-23 16:08:00,1,149.39,14.94,10.76
ORD-1587,3,CUST-0060,PROD-0019,2024-04-23 16:08:00,2,998.7,0.0,159.79
ORD-1587,4,CUST-0060,PROD-0036,2024-04-23 16:08:00,2,268.96,53.79,38.73
ORD-1588,1,CUST-0059,PROD-0015,2025-09-07 19:19:00,2,1020.04,102.0,155.05
ORD-1588,2,CUST-0059,PROD-0036,2025-09-07 19:19:00,1,268.96,40.34,18.29
ORD-1588,3,CUST-0059,PROD-0027,2025-09-07 19:19:00,3,335.03,100.51,72.37
ORD-1588,4,CUST-0059,PROD-0019,2025-09-07 19:19:00,1,998.7,0.0,79.9
ORD-1589,1,CUST-0087,PROD-0029,2025-05-19 18:06:00,1,221.94,0.0,17.76
ORD-1589,2,CUST-0087,PROD-0034,2025-05-19 18:06:00,1,290.28,43.54,19.74
ORD-1589,3,CUST-0087,PROD-0043,2025-05-19 18:06:00,2,491.29,0.0,78.61
ORD-1589,4,CUST-0087,PROD-0044,2025-05-19 18:06:00,3,1197.09,179.56,272.94
ORD-1590,1,CUST-0009,PROD-0039,2025-01-08 11:21:00,1,1099.17,54.96,83.54
ORD-1590,2,CUST-0009,PROD-0026,2025-01-08 11:21:00,2,456.81,137.04,62.13
ORD-1591,1,CUST-0036,PROD-0023,2025-08-19 17:17:00,2,114.15,34.24,15.52
ORD-1591,2,CUST-0036,PROD-0031,2025-08-19 17:17:00,3,1187.64,356.29,256.53
ORD-1591,3,CUST-0036,PROD-0043,2025-08-19 17:17:00,1,491.29,73.69,33.41
ORD-1591,4,CUST-0036,PROD-0039,2025-08-19 17:17:00,1,1099.17,0.0,87.93
ORD-1592,1,CUST-0033,PROD-0002,2025-05-17 15:14:00,3,344.53,0.0,82.69
ORD-1592,2,CUST-0033,PROD-0007,2025-05-17 15:14:00,1,51.31,7.7,3.49
ORD-1593,1,CUST-0087,PROD-0010,2024-01-29 10:24:00,3,975.13,0.0,234.03
ORD-1593,2,CUST-0087,PROD-0020,2024-01-29 10:24:00,1,1036.81,155.52,70.5
ORD-1593,3,CUST-0087,PROD-0040,2024-01-29 10:24:00,2,332.56,33.26,50.55
ORD-1594,1,CUST-0038,PROD-0035,2025-11-09 15:31:00,1,392.23,58.83,26.67
ORD-1594,2,CUST-0038,PROD-0022,2025-11-09 15:31:00,1,288.92,43.34,19.65
ORD-1594,3,CUST-0038,PROD-0002,2025-11-09 15:31:00,2,344.53,68.91,49.61
ORD-1595,1,CUST-0049,PROD-0012,2025-03-30 15:02:00,3,421.5,126.45,91.04
ORD-1596,1,CUST-0091,PROD-0020,2024-06-18 15:27:00,2,1036.81,311.04,141.01
ORD-1596,2,CUST-0091,PROD-0046,2024-06-18 15:27:00,1,149.39,22.41,10.16
ORD-1597,1,CUST-0085,PROD-0031,2025-07-22 18:34:00,1,1187.64,178.15,80.76
ORD-1597,2,CUST-0085,PROD-0036,2025-07-22 18:34:00,2,268.96,80.69,36.58
ORD-1597,3,CUST-0085,PROD-0011,2025-07-22 18:34:00,3,970.87,436.89,198.06
ORD-1597,4,CUST-0085,PROD-0033,2025-07-22 18:34:00,3,1014.57,304.37,219.15
ORD-1598,1,CUST-0099,PROD-0038,2024-10-19 13:03:00,1,793.42,39.67,60.3
ORD-1599,1,CUST-0047,PROD-0041,2024-12-24 20:47:00,2,682.41,204.72,92.81
ORD-1600,1,CUST-0013,PROD-0023,2025-03-15 13:22:00,1,114.15,5.71,8.68
ORD-1600,2,CUST-0013,PROD-0004,2025-03-15 13:22:00,3,1072.77,321.83,231.72
ORD-1600,3,CUST-0013,PROD-0043,2025-03-15 13:22:00,3,491.29,0.0,117.91
ORD-1600,4,CUST-0013,PROD-0016,2025-03-15 13:22:00,3,972.41,0.0,233.38
ORD-1001,1,CUST-0077,PROD-0023,2024-05-04 20:36:00,3,114.15,51.37,23.29
ORD-9999,1,,PROD-0001,2024-06-01 12:00:00,-5,100.0,0.0,8.0
